Entity;Code;Year;Electricity from wind (TWh);Electricity from hydro (TWh);Electricity from solar (TWh);Other renewables including bioenergy (TWh);;
Africa;;2002;0.43;83.409.996;0.02;24.499.998;;
Africa;;2003;0.61;81.68;0.02;2.71;;
Africa;;2004;0.78;86.54;0.02;3.18;;
Africa;;2005;0.83;88.65;0.02;3.81;;
Africa;;2006;0.87;91.85;0.03;3.66;;
Africa;;2007;1.18;93.92;0.03;3.6;;
Africa;;2008;12.900.001;95.56;0.04;3.92;;
Africa;;2009;16.899.999;98.61;0.06;4.31;;
Africa;;2010;2.37;109.5;0.39;46.800.003;;
Africa;;2011;2.44;110.57;0.49;48.599.997;;
Africa;;2012;2.35;111.14;0.53;4.85;;
Africa;;2013;35.300.002;116.39;0.51;5.39;;
Africa;;2014;5.55;121.68;18.100.001;8.309.999;;
Africa;;2015;8.559.999;119.33;32.000.003;10.65;;
Africa;;2016;10.48;118.520.004;4.85;10.26;;
Africa;;2017;11.55;125.04;6.57;9.65;;
Africa;;2018;15.28;132.92;8.99;9.690.001;;
Africa;;2019;18.51;135.51;13.849.999;9.67;;
Africa;;2020;17.66;142.22;14.400.001;9.29;;
Africa;;2021;20.89;145.22;17.12;9.51;;
Africa (BP);;2000;0.1755;7.525.581;0.011941;22.690.632;;
Africa (BP);;2001;0.41558;8.086.912;0.01496;23.353.527;;
Africa (BP);;2002;0.443584;8.502.647;0.016799713;22.864;;
Africa (BP);;2003;0.535599;825.746;0.020059297;26.224;;
Africa (BP);;2004;0.7682805;8.721.947;0.02456688;29.788.496;;
Africa (BP);;2005;0.7803821;8.883.773;0.029383464;30.096.693;;
Africa (BP);;2006;0.8525656;92.049.355;0.03791205;37.704.048;;
Africa (BP);;2007;10.162.233;9.519.856;0.050479364;31.420.484;;
Africa (BP);;2008;13.117.782;9.696.721;0.07265389;32.673.957;;
Africa (BP);;2009;15.892.309;99.561.134;0.09582156;35.627.222;;
Africa (BP);;2010;22.845.824;10.769.849;0.21605176;3.764.553;;
Africa (BP);;2011;2.386.504;11.075.051;0.6020893;38.587.687;;
Africa (BP);;2012;25.156.302;11.122.693;0.99265915;4.042.407;;
Africa (BP);;2013;35.934.472;11.765.245;0.7875202;4.433.249;;
Africa (BP);;2014;5.060.073;12.408.205;19.041.501;5.462.047;;
Africa (BP);;2015;89.106.865;1.204.148;32.586.064;71.696.815;;
Africa (BP);;2016;11.176.371;11.742.635;53.840.914;7.231.852;;
Africa (BP);;2017;12.457.454;12.634.168;77.734.146;76.260.357;;
Africa (BP);;2018;14.769.322;13.460.008;10.053.543;817.267;;
Africa (BP);;2019;19.331.633;1.394.176;12.894.289;8.262.966;;
Africa (BP);;2020;21.302.898;14.637.308;16.058.805;8.066.416;;
Africa (BP);;2021;2.441.597;15.341.869;16.515.236;8.026.318;;
Africa (Ember);;2002;0.43;83.41;0.02;24.499.998;;
Africa (Ember);;2003;0.61;81.68;0.02;2.71;;
Africa (Ember);;2004;0.78;86.54;0.02;3.18;;
Africa (Ember);;2005;0.83;88.65;0.02;3.81;;
Africa (Ember);;2006;0.87;91.85;0.03;3.66;;
Africa (Ember);;2007;1.18;93.92;0.03;3.6;;
Africa (Ember);;2008;1.29;95.56;0.04;3.92;;
Africa (Ember);;2009;1.69;98.61;0.06;4.31;;
Africa (Ember);;2010;2.37;109.5;0.39;46.800.003;;
Africa (Ember);;2011;2.44;110.57;0.49;48.599.997;;
Africa (Ember);;2012;2.35;111.14;0.53;4.85;;
Africa (Ember);;2013;3.53;116.39;0.51;5.39;;
Africa (Ember);;2014;5.55;121.68;1.81;8.309.999;;
Africa (Ember);;2015;8.56;119.33;3.2;10.65;;
Africa (Ember);;2016;10.48;118.52;4.85;10.26;;
Africa (Ember);;2017;11.55;125.04;6.57;9.65;;
Africa (Ember);;2018;15.28;132.92;8.99;9.690.001;;
Africa (Ember);;2019;18.51;135.51;13.85;9.67;;
Africa (Ember);;2020;17.66;142.22;14.4;9.29;;
Africa (Ember);;2021;20.89;145.22;17.12;9.51;;
Argentina;ARG;2012;0.82;28.71;0.01;1.39;;
Argentina;ARG;2013;1.01;32.51;0.01;1.5;;
Argentina;ARG;2014;0.62;32.33;0.02;1.4;;
Argentina;ARG;2015;0.59;31.94;0.01;1.43;;
Argentina;ARG;2016;0.54;29.4;0.01;1.07;;
Argentina;ARG;2017;0.61;31.46;0.02;1.31;;
Argentina;ARG;2018;1.4;31.96;0.11;1.5;;
Argentina;ARG;2019;4.95;27.33;0.79;1.56;;
Argentina;ARG;2020;9.32;24.26;1.33;2.14;;
Argentina;ARG;2021;12.81;20.19;2.17;2.01;;
Asia;;2000;2.37;567.84;0.39;46.17;;
Asia;;2001;31.799.998;614.37;0.53;46.760.002;;
Asia;;2002;34.599.998;634.97;0.75;48.59;;
Asia;;2003;4.58;661.89;0.99999994;49.34;;
Asia;;2004;8.009.999;776.51;13.100.001;52.309.998;;
Asia;;2005;10.07;807.99;1.61;58.61;;
Asia;;2006;16.06;884.44;19.399.999;62.35;;
Asia;;2007;21.16;925.34;2.31;70.47;;
Asia;;2008;32.57;10.587.301;2.8;76.83;;
Asia;;2009;50.79;1032.65;3.81;86.350.006;;
Asia;;2010;78;1181.38;5.38;101.5;;
Asia;;2011;110.26;1197.11;9.73;111.38;;
Asia;;2012;144.21;1372.61;14.75;120.56;;
Asia;;2013;185.18;1460.41;29.060.001;132.93;;
Asia;;2014;211.58;15.969.899;58.57;15.215.001;;
Asia;;2015;24.140.999;1666.53;91.189.995;17.554.001;;
Asia;;2016;313.43;1724.79;139.95;17.970.999;;
Asia;;2017;392.13;1773.93;217.74;208.56;;
Asia;;2018;466.93;1820.79;31.022.998;236.25;;
Asia;;2019;514.87;1944.54;392.02;265.25;;
Asia;;2020;579.29;1991.26;47.247.998;291.16;;
Asia;;2021;78.619.995;1940.53;586.96;343.47;;
Asia (Ember);;2000;2.3;528.86;0.39;45.89;;
Asia (Ember);;2001;3.08;581.87;0.53;46.46;;
Asia (Ember);;2002;3.37;589.6;0.75;48.33;;
Asia (Ember);;2003;4.48;612.39;1;49.14;;
Asia (Ember);;2004;7.89;712.69;1.31;52.11;;
Asia (Ember);;2005;9.93;742.63;1.61;58.45;;
Asia (Ember);;2006;15.79;810.99;1.94;62.15;;
Asia (Ember);;2007;20.65;861.76;2.31;70.16;;
Asia (Ember);;2008;31.51;1011.28;2.8;76.47;;
Asia (Ember);;2009;49.05;984.23;3.78;85.590.004;;
Asia (Ember);;2010;74.9;1111.12;5.29;100.41;;
Asia (Ember);;2011;105.32;1126.6;9.5;110.229.996;;
Asia (Ember);;2012;138.06;1293.61;14.33;118.939.995;;
Asia (Ember);;2013;177.38;1377.35;28.4;130.55;;
Asia (Ember);;2014;202.83;1536.37;57.22;148.52;;
Asia (Ember);;2015;229.47;1582.66;89.25;17.062.999;;
Asia (Ember);;2016;297.29;1637.46;136.25;172.96;;
Asia (Ember);;2017;373.24;1695.13;211.12;200.03;;
Asia (Ember);;2018;445.29;1748.1;296.67;225.88;;
Asia (Ember);;2019;491.3;1815.15;372.44;25.251.001;;
Asia (Ember);;2020;551.71;1883.21;447.45;276.41;;
Asia (Ember);;2021;752.06;1863.25;556.16;326.06;;
Asia Pacific (BP);;2000;2.563.947;52.165.295;0.42848444;44.974.827;;
Asia Pacific (BP);;2001;35.174.093;5.704.633;0.60850644;455.645;;
Asia Pacific (BP);;2002;40.670.133;57.890.875;0.8291114;47.265.427;;
Asia Pacific (BP);;2003;53.408.756;5.943.545;11.165.706;4.953.167;;
Asia Pacific (BP);;2004;9.186.693;69.915.247;1.463.785;53.351.498;;
Asia Pacific (BP);;2005;12.019.194;7.279.608;18.525.405;6.051.645;;
Asia Pacific (BP);;2006;18.569.807;8.016.983;2.291.108;6.484.644;;
Asia Pacific (BP);;2007;24.603.132;85.217.444;274.839;7.150.754;;
Asia Pacific (BP);;2008;36.079.895;9.977.784;333.027;7.942.048;;
Asia Pacific (BP);;2009;54.847.977;9.680.881;4.382.631;8.771.818;;
Asia Pacific (BP);;2010;81.484.215;10.976.714;6.738.752;99.808.716;;
Asia Pacific (BP);;2011;11.355.109;11.178.053;12.163.278;1.092.485;;
Asia Pacific (BP);;2012;14.772.359;12.619.498;17.553.854;118.289.406;;
Asia Pacific (BP);;2013;18.847.214;1.369.885;32.382.584;13.023.392;;
Asia Pacific (BP);;2014;21.427.269;15.234.308;62.967.415;14.875.612;;
Asia Pacific (BP);;2015;24.305.782;15.668.795;95.624.725;17.102.686;;
Asia Pacific (BP);;2016;3.111.879;16.287.206;1.418.077;17.141.855;;
Asia Pacific (BP);;2017;38.715.164;16.738.356;22.017.581;197.789;;
Asia Pacific (BP);;2018;46.209.122;17.272.189;30.959.854;23.380.719;;
Asia Pacific (BP);;2019;51.161.475;17.910.603;39.025.864;2.590.397;;
Asia Pacific (BP);;2020;57.512.225;18.628.567;4.666.904;28.186.713;;
Asia Pacific (BP);;2021;779.175;18.516.252;581.505;32.944.208;;
Australia;AUS;2000;0.06;16.2;0.04;0.81;;
Australia;AUS;2001;0.21;16.4;0.04;0.75;;
Australia;AUS;2002;0.36;15.72;0.05;1.22;;
Australia;AUS;2003;0.7;16.13;0.06;1.61;;
Australia;AUS;2004;0.7;15.89;0.07;2.75;;
Australia;AUS;2005;0.88;15.16;0.08;3.63;;
Australia;AUS;2006;1.71;15.77;0.09;3.62;;
Australia;AUS;2007;2.61;14.2;0.11;4.01;;
Australia;AUS;2008;3.09;11.79;0.13;3.48;;
Australia;AUS;2009;3.82;11.68;0.16;2.66;;
Australia;AUS;2010;4.94;13.5;0.39;2.3;;
Australia;AUS;2011;6.79;16.69;1.39;2.46;;
Australia;AUS;2012;7.39;13.98;2.33;2.93;;
Australia;AUS;2013;9.54;18.12;3.48;3.06;;
Australia;AUS;2014;10.41;18.34;4.01;3.39;;
Australia;AUS;2015;11.45;13.32;5.02;3.33;;
Australia;AUS;2016;13.7;15.02;6.21;3.48;;
Australia;AUS;2017;13.27;16.04;8.07;3.39;;
Australia;AUS;2018;13.7;15.8;9.93;3.5;;
Australia;AUS;2019;19.72;15.6;14.85;3.24;;
Australia;AUS;2020;22.2;14.76;23.85;3.18;;
Australia;AUS;2021;26.09;14.76;28.04;3.09;;
Austria;AUT;2001;0.1;40.46;0.01;1.67;;
Austria;AUT;2002;0.14;40.23;0.01;1.52;;
Austria;AUT;2003;0.37;33.21;0.01;1.65;;
Austria;AUT;2004;0.93;36.76;0.02;1.91;;
Austria;AUT;2005;1.33;37.1;0.02;2.43;;
Austria;AUT;2006;1.75;35.66;0.02;3.23;;
Austria;AUT;2007;2.04;37.05;0.02;4.06;;
Austria;AUT;2008;2.01;38.33;0.03;4.16;;
Austria;AUT;2009;1.95;40.9;0.05;4.28;;
Austria;AUT;2010;2.06;38.36;0.09;4.48;;
Austria;AUT;2011;1.94;34.24;0.17;4.56;;
Austria;AUT;2012;2.46;43.85;0.34;4.68;;
Austria;AUT;2013;3.15;42.02;0.63;4.7;;
Austria;AUT;2014;3.85;41.01;0.79;4.55;;
Austria;AUT;2015;4.84;37.16;0.94;4.65;;
Austria;AUT;2016;5.23;39.97;1.1;4.78;;
Austria;AUT;2017;6.57;38.29;1.27;4.92;;
Austria;AUT;2018;6.03;37.64;1.46;4.93;;
Austria;AUT;2019;7.45;40.83;1.7;4.66;;
Austria;AUT;2020;6.79;42;2.04;4.59;;
Austria;AUT;2021;6.74;38.75;2.78;4.48;;
Austria;AUT;2022;6.93;36.07;2.73;3.62;;
Bangladesh;BGD;2015;0.01;0.59;0.2;0.03;;
Bangladesh;BGD;2016;0.01;1.01;0.22;0.03;;
Bangladesh;BGD;2017;0.01;1.03;0.25;0.03;;
Bangladesh;BGD;2018;0.01;1.08;0.28;0.03;;
Bangladesh;BGD;2019;0.01;0.77;0.33;0.03;;
Bangladesh;BGD;2020;0.01;0.88;0.39;0.03;;
Bangladesh;BGD;2021;0.01;0.88;0.47;0.03;;
Belarus;BLR;2015;0.03;0.11;0.01;0.13;;
Belarus;BLR;2016;0.08;0.14;0.03;0.15;;
Belarus;BLR;2017;0.1;0.4;0.09;0.15;;
Belarus;BLR;2018;0.1;0.32;0.18;0.21;;
Belarus;BLR;2019;0.18;0.34;0.18;0.23;;
Belarus;BLR;2020;0.19;0.39;0.18;0.52;;
Belarus;BLR;2021;0.19;0.39;0.18;0.55;;
Belgium;BEL;2007;0.49;0.39;0.01;2.6;;
Belgium;BEL;2008;0.64;0.41;0.04;3.33;;
Belgium;BEL;2009;1;0.33;0.17;3.95;;
Belgium;BEL;2010;1.29;0.31;0.56;4.38;;
Belgium;BEL;2011;2.31;0.2;1.17;4.63;;
Belgium;BEL;2012;2.76;0.36;2.15;5.24;;
Belgium;BEL;2013;3.66;0.38;2.64;5.03;;
Belgium;BEL;2014;4.62;0.29;2.89;4.41;;
Belgium;BEL;2015;5.57;0.32;3.06;5.5;;
Belgium;BEL;2016;5.42;0.37;3.1;5.36;;
Belgium;BEL;2017;6.52;0.27;3.31;5.7;;
Belgium;BEL;2018;7.57;0.29;3.9;5.41;;
Belgium;BEL;2019;9.76;0.3;4.25;5.16;;
Belgium;BEL;2020;12.82;0.27;5.11;5.26;;
Belgium;BEL;2021;12;0.42;5.62;4.69;;
Belgium;BEL;2022;12.07;0.2;7.35;4.45;;
Bolivia;BOL;2014;0.01;2.23;0.01;1.19;;
Bolivia;BOL;2016;0.04;1.7;0.01;1.57;;
Bolivia;BOL;2017;0.06;2.21;0.01;1.52;;
Bolivia;BOL;2018;0.06;2.59;0.13;1.61;;
Bolivia;BOL;2019;0.07;3.22;0.19;0.52;;
Bolivia;BOL;2020;0.06;2.94;0.33;0.55;;
Bolivia;BOL;2021;0.13;3.24;0.47;0.58;;
Bosnia and Herzegovina;BIH;2018;0.1;6.35;0.02;0.01;;
Bosnia and Herzegovina;BIH;2019;0.25;6.02;0.03;0.02;;
Bosnia and Herzegovina;BIH;2020;0.26;4.58;0.05;0.02;;
Bosnia and Herzegovina;BIH;2021;0.38;6.72;0.07;0.02;;
Brazil;BRA;2014;12.21;373.44;0.02;45.15;;
Brazil;BRA;2015;21.47;359.74;0.06;47.54;;
Brazil;BRA;2016;33.24;380.91;0.08;49.14;;
Brazil;BRA;2017;42.06;370.91;0.83;50.6;;
Brazil;BRA;2018;48.12;388.97;3.44;52.13;;
Brazil;BRA;2019;55.43;397.88;6.59;52.69;;
Brazil;BRA;2020;56.48;396.33;10.64;56.56;;
Brazil;BRA;2021;71.5;362.82;16.75;57.6;;
Bulgaria;BGR;2010;0.68;5.03;0.01;0.04;;
Bulgaria;BGR;2011;0.86;2.87;0.1;0.06;;
Bulgaria;BGR;2012;1.22;3.18;0.78;0.07;;
Bulgaria;BGR;2013;1.37;4.04;1.39;0.11;;
Bulgaria;BGR;2014;1.33;4.6;1.26;0.2;;
Bulgaria;BGR;2015;1.45;5.65;1.38;0.27;;
Bulgaria;BGR;2016;1.42;3.88;1.39;0.35;;
Bulgaria;BGR;2017;1.5;2.83;1.4;0.4;;
Bulgaria;BGR;2018;1.32;5.15;1.34;1.57;;
Bulgaria;BGR;2019;1.32;2.93;1.42;1.82;;
Bulgaria;BGR;2020;1.48;2.82;1.47;1.7;;
Bulgaria;BGR;2021;1.43;4.82;1.47;2.59;;
Bulgaria;BGR;2022;1.43;3.71;1.72;2.6;;
CIS (BP);;2009;0.0112;21.831.866;0.000007375;0.5574;;
CIS (BP);;2010;0.009786;21.683.788;0.000240125;0.620914;;
CIS (BP);;2011;0.012539;21.274.788;0.00182275;0.652208;;
CIS (BP);;2012;0.018116;2.130.366;0.006337759;0.597849;;
CIS (BP);;2013;0.0211217;22.943.721;0.0188439;0.634027;;
CIS (BP);;2014;0.1256712;2.211.444;0.17737725;0.7334;;
CIS (BP);;2015;0.3290593;21.542.581;0.41103974;0.681576;;
CIS (BP);;2016;0.5239033;2.358.683;0.6403929;0.64301;;
CIS (BP);;2017;0.6069637;24.034.909;0.78623927;0.7354732;;
CIS (BP);;2018;0.8290751;24.431.325;0.95261437;0.7268354;;
CIS (BP);;2019;13.551.434;24.845.114;16.847.017;0.7650691;;
CIS (BP);;2020;25.004.814;2.632.395;33.981.996;0.9161088;;
CIS (BP);;2021;46.057.644;26.629.605;41.045.675;0.91387737;;
Canada;CAN;2000;0.26;354.92;0.02;8.5;;
Canada;CAN;2001;0.34;329.99;0.02;9.23;;
Canada;CAN;2002;0.41;347.05;0.02;9.58;;
Canada;CAN;2003;0.83;334.07;0.02;8.96;;
Canada;CAN;2004;0.95;337.43;0.01;9.29;;
Canada;CAN;2005;1.57;358.3;0.02;8.969.999;;
Canada;CAN;2006;2.47;349.32;0.02;8.67;;
Canada;CAN;2007;3.01;363.91;0.03;8.47;;
Canada;CAN;2008;3.79;373.68;0.04;77.000.003;;
Canada;CAN;2009;6.64;364.96;0.1;8.54;;
Canada;CAN;2010;8.64;347.87;0.25;9.45;;
Canada;CAN;2011;10.09;371.97;0.57;9.32;;
Canada;CAN;2012;11.2;376.46;0.87;10.05;;
Canada;CAN;2013;17.78;387.87;1.48;10.150.001;;
Canada;CAN;2014;22.32;378.68;2.1;9.030.001;;
Canada;CAN;2015;26.7;378.37;2.87;9.26;;
Canada;CAN;2016;30.62;381.58;3.99;10.650.001;;
Canada;CAN;2017;31.2;390.64;3.54;10.05;;
Canada;CAN;2018;32.85;382.02;3.76;9.76;;
Canada;CAN;2019;32.33;375.98;4.04;9.45;;
Canada;CAN;2020;35.74;380.93;4.24;8.33;;
Canada;CAN;2021;35.21;377.16;5.11;9.23;;
Central America (BP);;2005;0.20231311;17.165.888;0.000544388;4.018.037;;
Central America (BP);;2006;0.27216262;17.985.403;0.000647665;43.257.513;;
Central America (BP);;2007;0.2403967;17.931.458;0.000657647;47.871.113;;
Central America (BP);;2008;0.1980772;20.063.591;0.00066069;4.950.512;;
Central America (BP);;2009;0.42138657;18.846.294;0.00073434;5.332.244;;
Central America (BP);;2010;0.5218728;2.129.564;0.001016093;58.775.225;;
Central America (BP);;2011;0.74175715;20.975.985;0.001246614;59.415.684;;
Central America (BP);;2012;11.292.565;22.435.797;0.002050906;66.694.965;;
Central America (BP);;2013;1.348.979;2.188.181;0.00303411;7.228.454;;
Central America (BP);;2014;20.939.536;2.153.884;0.012918322;7.673.359;;
Central America (BP);;2015;31.353.307;2.249.091;0.5951424;78.309.464;;
Central America (BP);;2016;32.994.716;22.886.116;1.177.065;8.585.856;;
Central America (BP);;2017;32.095.747;2.722.947;14.604.084;8.263.187;;
Central America (BP);;2018;44.355.497;2.694.882;17.993.563;8.962.807;;
Central America (BP);;2019;4.400.176;2.158.391;22.198.498;10.071.673;;
Central America (BP);;2020;3.712.633;26.932.245;258.506;9.697.705;;
Central America (BP);;2021;40.649.514;29.871.407;30.241.053;10.043.114;;
Chile;CHL;2013;0.55;19.61;0.01;6.896.006;;
Chile;CHL;2014;1.43;23.55;0.46;4.989.873;;
Chile;CHL;2015;2.1;23.91;1.37;55.661.297;;
Chile;CHL;2016;2.25;19.46;2.56;6.722.216;;
Chile;CHL;2017;3.55;21.81;3.9;74.493.103;;
Chile;CHL;2018;4.02;23.21;5.45;9.157.252;;
Chile;CHL;2019;4.82;20.83;6.38;954.655;;
Chile;CHL;2020;5.54;20.63;7.64;8.741.824;;
Chile;CHL;2021;7.21;16.48;10.79;84.537.115;;
China;CHN;2000;0.59;222.41;0.02;2.537;;
China;CHN;2001;0.72;277.43;0.03;2.554;;
China;CHN;2002;0.84;287.97;0.05;2.546;;
China;CHN;2003;1;283.68;0.06;2.536;;
China;CHN;2004;1.28;353.54;0.08;2.528;;
China;CHN;2005;1.95;397.02;0.08;5.322;;
China;CHN;2006;3.71;435.79;0.09;7.133;;
China;CHN;2007;5.48;485.26;0.11;9.863;;
China;CHN;2008;13.1;636.96;0.15;14.866;;
China;CHN;2009;27.61;615.64;0.28;2.085.932;;
China;CHN;2010;49.4;711.38;0.7;2.490.023;;
China;CHN;2011;74.1;688.04;2.61;27.632;;
China;CHN;2012;103.05;862.79;3.59;30.133;;
China;CHN;2013;138.26;909.61;8.37;37.133;;
China;CHN;2014;159.76;1059.69;23.51;4.626.822;;
China;CHN;2015;185.59;1114.52;39.48;5.407.029;;
China;CHN;2016;240.86;1153.27;66.53;62.134.766;;
China;CHN;2017;304.6;1165.06;117.8;7.959.891;;
China;CHN;2018;365.8;1198.89;176.9;9.372.523;;
China;CHN;2019;405.3;1272.54;224;11.272.523;;
China;CHN;2020;466.5;1321.71;261.1;135.625;;
China;CHN;2021;655.6;1300;327;16.993.158;;
Colombia;COL;2004;0.05;39.68;0.01;0.15;;
Colombia;COL;2005;0.05;39.4;0.01;0.16;;
Colombia;COL;2006;0.06;42.31;0.01;0.2;;
Colombia;COL;2007;0.05;44;0.01;0.19;;
Colombia;COL;2008;0.05;45.94;0.01;0.17;;
Colombia;COL;2009;0.06;40.64;0.01;0.33;;
Colombia;COL;2010;0.04;40;0.01;0.55;;
Colombia;COL;2011;0.04;48.39;0.01;0.37;;
Colombia;COL;2012;0.05;47.11;0.01;0.4;;
Colombia;COL;2013;0.06;49.76;0.01;0.65;;
Colombia;COL;2014;0.07;47.25;0.01;0.73;;
Colombia;COL;2015;0.07;47.94;0.01;0.97;;
Colombia;COL;2016;0.05;48.46;0.01;1.01;;
Colombia;COL;2018;0.04;59.16;0.02;0.84;;
Colombia;COL;2019;0.06;52.98;0.13;1.11;;
Colombia;COL;2020;0.01;48.44;0.19;1.3;;
Colombia;COL;2021;0.06;58.19;0.32;1.02;;
Costa Rica;CRI;2012;0.53;7.16;0.01;14.499.999;;
Costa Rica;CRI;2013;0.49;6.78;0.02;1.59;;
Costa Rica;CRI;2014;0.74;6.65;0.02;15.999.999;;
Costa Rica;CRI;2015;1.08;7.99;0.03;1.4;;
Costa Rica;CRI;2016;1.15;7.95;0.03;1.37;;
Costa Rica;CRI;2017;1.29;8.59;0.04;1.14;;
Costa Rica;CRI;2018;1.8;8.26;0.06;1.01;;
Costa Rica;CRI;2019;1.8;7.75;0.08;1.55;;
Costa Rica;CRI;2020;1.46;8.29;0.08;1.72;;
Costa Rica;CRI;2021;1.57;9.29;0.06;1.63;;
Croatia;HRV;2013;0.52;8.62;0.01;0.13;;
Croatia;HRV;2014;0.73;9.01;0.04;0.16;;
Croatia;HRV;2015;0.8;6.39;0.06;0.27;;
Croatia;HRV;2016;1.01;6.85;0.07;0.43;;
Croatia;HRV;2017;1.2;5.31;0.08;0.53;;
Croatia;HRV;2018;1.34;7.7;0.07;0.67;;
Croatia;HRV;2019;1.47;5.83;0.08;0.97;;
Croatia;HRV;2020;1.72;5.66;0.1;1.07;;
Croatia;HRV;2021;2.06;7.13;0.15;1.19;;
Croatia;HRV;2022;2.27;5.35;0.15;1.17;;
Cuba;CUB;2012;0.02;0.11;0.01;2.2;;
Cuba;CUB;2013;0.02;0.13;0.11;2.1;;
Cuba;CUB;2014;0.02;0.1;0.09;2.24;;
Cuba;CUB;2015;0.02;0.05;0.13;2.3;;
Cuba;CUB;2016;0.02;0.06;0.14;2.18;;
Cuba;CUB;2017;0.02;0.08;0.08;2.33;;
Cuba;CUB;2018;0.02;0.14;0.16;2.43;;
Cuba;CUB;2019;0.02;0.14;0.23;3.43;;
Cuba;CUB;2020;0.02;0.11;0.24;3.61;;
Cuba;CUB;2021;0.02;0.11;0.26;3.83;;
Czechia;CZE;2008;0.24;2.02;0.01;1.45;;
Czechia;CZE;2009;0.29;2.43;0.09;1.85;;
Czechia;CZE;2010;0.34;2.79;0.62;2.16;;
Czechia;CZE;2011;0.4;1.96;2.18;2.7;;
Czechia;CZE;2012;0.42;2.13;2.15;3.37;;
Czechia;CZE;2013;0.48;2.73;2.03;4.06;;
Czechia;CZE;2014;0.48;1.91;2.12;4.66;;
Czechia;CZE;2015;0.57;1.79;2.26;4.79;;
Czechia;CZE;2016;0.5;2;2.13;4.76;;
Czechia;CZE;2017;0.59;1.87;2.2;4.97;;
Czechia;CZE;2018;0.61;1.63;2.36;4.83;;
Czechia;CZE;2019;0.7;2.01;2.34;5.03;;
Czechia;CZE;2020;0.7;2.14;2.34;5.21;;
Czechia;CZE;2021;0.6;2.41;2.32;5.38;;
Czechia;CZE;2022;0.65;2.03;2.51;5.31;;
Denmark;DNK;2010;7.81;0.02;0.01;4.59;;
Denmark;DNK;2011;9.77;0.02;0.01;4.37;;
Denmark;DNK;2012;10.27;0.02;0.1;4.45;;
Denmark;DNK;2013;11.12;0.01;0.52;4.31;;
Denmark;DNK;2014;13.08;0.02;0.6;4.29;;
Denmark;DNK;2015;14.13;0.02;0.6;4.18;;
Denmark;DNK;2016;12.78;0.02;0.74;4.85;;
Denmark;DNK;2017;14.78;0.02;0.75;6.25;;
Denmark;DNK;2018;13.9;0.01;0.95;5.89;;
Denmark;DNK;2019;16.15;0.02;0.96;5.94;;
Denmark;DNK;2020;16.33;0.02;1.18;5.92;;
Denmark;DNK;2021;16.05;0.02;1.31;8.72;;
Denmark;DNK;2022;18.94;0.02;1.99;7.95;;
Dominican Republic;DOM;2013;0.24;1.88;0.01;0.15;;
Dominican Republic;DOM;2014;0.24;1.32;0.02;0.15;;
Dominican Republic;DOM;2015;0.29;0.93;0.03;0.17;;
Dominican Republic;DOM;2016;0.32;1.5;0.08;0.49;;
Dominican Republic;DOM;2017;0.39;2.17;0.14;0.4;;
Dominican Republic;DOM;2018;0.5;1.76;0.23;0.42;;
Dominican Republic;DOM;2019;0.79;0.97;0.36;0.35;;
Dominican Republic;DOM;2020;1.14;1.18;0.43;0.19;;
Dominican Republic;DOM;2021;1.29;1;0.53;0.2;;
Eastern Africa (BP);;2002;0.0003;37.998.413;0.000347;14.887;;
Eastern Africa (BP);;2003;0.0004;38.378.887;0.000347;18.968;;
Eastern Africa (BP);;2004;0.0009;3.895.177;0.000695;21.822;;
Eastern Africa (BP);;2005;0.0013;40.263.622;0.001373;21.533;;
Eastern Africa (BP);;2006;0.0048;42.559.586;0.005307;229.319;;
Eastern Africa (BP);;2007;0.011;46.386.646;0.010109283;220.555;;
Eastern Africa (BP);;2008;0.01607;4.578.768;0.019133093;2.321.822;;
Eastern Africa (BP);;2009;0.0267;48.020.245;0.033482917;26.787.221;;
Eastern Africa (BP);;2010;0.03821;53.977.245;0.09736586;2.936.542;;
Eastern Africa (BP);;2011;0.03413;5.561.847;0.1780468;29.387.567;;
Eastern Africa (BP);;2012;0.1539782;58.066.105;0.24909586;308.965;;
Eastern Africa (BP);;2013;0.3147111;617.628;0.31052437;3.436.722;;
Eastern Africa (BP);;2014;0.4413035;6.599.349;0.40697262;4.613.438;;
Eastern Africa (BP);;2015;0.7777217;65.373.634;0.46594086;63.483.105;;
Eastern Africa (BP);;2016;0.8899006;6.186.331;0.5325438;64.327.717;;
Eastern Africa (BP);;2017;0.791775;6.454.449;0.6092849;66.914;;
Eastern Africa (BP);;2018;0.862747;6.878.536;0.72631985;72.891.254;;
Eastern Africa (BP);;2019;22.248.955;68.631.454;10.392.841;7.342.404;;
Eastern Africa (BP);;2020;19.754.963;72.759.254;11.710.402;7.147.771;;
Eastern Africa (BP);;2021;26.304.996;7.795.909;13.564.011;710.964;;
Ecuador;ECU;2014;0.08;11.34;0.02;2.34;;
Ecuador;ECU;2015;0.1;12.97;0.04;2.33;;
Ecuador;ECU;2016;0.08;15.68;0.04;2.23;;
Ecuador;ECU;2017;0.07;19.89;0.04;1.58;;
Ecuador;ECU;2018;0.08;20.47;0.04;1.71;;
Ecuador;ECU;2019;0.09;24.66;0.04;1.52;;
Ecuador;ECU;2020;0.08;24.33;0.04;1.38;;
Ecuador;ECU;2021;0.06;25.57;0.04;1.35;;
El Salvador;SLV;2020;0.01;1.99;0.91;2.06;;
El Salvador;SLV;2021;0.01;2;1.11;2.1;;
Estonia;EST;2016;0.59;0.04;0.01;0.95;;
Estonia;EST;2017;0.72;0.03;0.01;1.1;;
Estonia;EST;2018;0.64;0.01;0.03;1.31;;
Estonia;EST;2019;0.69;0.02;0.07;1.36;;
Estonia;EST;2020;0.84;0.03;0.25;1.85;;
Estonia;EST;2021;0.73;0.02;0.35;1.77;;
Estonia;EST;2022;0.63;0.02;0.53;2.49;;
Ethiopia;ETH;2013;0.36;8.26;0.01;0.01;;
Ethiopia;ETH;2014;0.5;8.92;0.02;0.01;;
Ethiopia;ETH;2015;0.76;9.58;0.02;0.01;;
Ethiopia;ETH;2016;0.78;11.64;0.02;0.02;;
Ethiopia;ETH;2017;0.53;12.55;0.02;0.02;;
Ethiopia;ETH;2018;0.85;12.89;0.02;0.02;;
Ethiopia;ETH;2019;0.61;13.56;0.02;0.03;;
Ethiopia;ETH;2020;0.61;13.56;0.03;0.02;;
Ethiopia;ETH;2021;0.61;14;0.04;0.03;;
Europe;;2000;22.26;733.81;0.12;41.19;;
Europe;;2001;26.76;748.48;0.19999999;43.56;;
Europe;;2002;36.43;677.86;0.28;49.27;;
Europe;;2003;44.85;637.37;0.42000002;57.72;;
Europe;;2004;59.77;686.52;0.7;68.92;;
Europe;;2005;71.56;695.04;14.799.999;7.896.001;;
Europe;;2006;83.64;681.33;2.5;89.36;;
Europe;;2007;106.18;69.348.004;3.81;99.369.995;;
Europe;;2008;121.33;71.282.996;7.47;109.71;;
Europe;;2009;134.91;716.6;14.15;119.99;;
Europe;;2010;151.1;750.9;23.369.999;136.05;;
Europe;;2011;182.75;672.96;47.72;145.15;;
Europe;;2012;209.27;724.44;72.12;160.73;;
Europe;;2013;240.5;773.38;87.240.005;170.62;;
Europe;;2014;258.01;768.43;99.72;180.57;;
Europe;;2015;307.54;727.61;110.37;19.154.001;;
Europe;;2016;307.58;760.13;113.799.995;195.08;;
Europe;;2017;366.49;702.61;122.520.004;199.77;;
Europe;;2018;383.66;76.597.003;129.78;205.53;;
Europe;;2019;441.43;725.99;143.47;212.39;;
Europe;;2020;487.76;788.61;169.38;216.76;;
Europe;;2021;473.43;776.65;18.768.001;218.71;;
Europe (BP);;2000;22.441.713;6.176.968;0.07447325;41.000.248;;
Europe (BP);;2001;26.925.287;61.199.994;0.1942025;4.494.067;;
Europe (BP);;2002;3.643.995;5.639.807;0.314755;51.008.335;;
Europe (BP);;2003;4.490.515;5.301.677;0.46869776;58.088.623;;
Europe (BP);;2004;59.806.786;5.708.031;0.75109786;68.965.454;;
Europe (BP);;2005;7.164.175;5.717.242;15.123.832;7.902.817;;
Europe (BP);;2006;8.377.814;5.619.314;25.690.877;8.952.852;;
Europe (BP);;2007;106.507.195;5.639.646;38.777.049;9.974.035;;
Europe (BP);;2008;1.221.649;59.303.314;75.890.713;110.142.426;;
Europe (BP);;2009;13.615.523;5.897.449;14.324.835;12.076.332;;
Europe (BP);;2010;1.534.435;6.498.002;23.497.437;13.692.763;;
Europe (BP);;2011;18.665.741;56.964.545;4.710.555;1.462.206;;
Europe (BP);;2012;21.503.241;62.563.116;7.223.394;1.630.321;;
Europe (BP);;2013;24.811.525;66.173.596;8.654.612;17.434.535;;
Europe (BP);;2014;26.481.503;6.440.572;9.733.773;1.862.033;;
Europe (BP);;2015;31.893.124;6.361.143;108.234.604;1.989.238;;
Europe (BP);;2016;32.284.747;65.117.426;112.403.564;2.042.285;;
Europe (BP);;2017;38.422.113;58.438.574;12.275.744;21.130.125;;
Europe (BP);;2018;40.332.556;6.462.277;13.616.812;21.892.198;;
Europe (BP);;2019;4.593.421;62.863.184;15.044.255;2.280.151;;
Europe (BP);;2020;5.127.316;657.916;17.565.176;23.435.455;;
Europe (BP);;2021;50.302.396;6.496.524;19.555.212;24.793.518;;
Europe (Ember);;2000;22.29;764.69;0.12;41.44;;
Europe (Ember);;2001;26.82;772.49;0.2;43.83;;
Europe (Ember);;2002;36.48;711.54;0.28;49.5;;
Europe (Ember);;2003;44.91;672.7;0.42;57.89;;
Europe (Ember);;2004;59.83;732.6;0.7;69.090.004;;
Europe (Ember);;2005;71.62;734.6;1.48;79.08;;
Europe (Ember);;2006;83.77;725.57;2.5;89.51;;
Europe (Ember);;2007;106.54;729.33;3.81;99.62;;
Europe (Ember);;2008;122.18;746.1;7.47;110.01;;
Europe (Ember);;2009;136.41;752.56;14.15;120.68;;
Europe (Ember);;2010;154.02;802.7;23.37;137.05;;
Europe (Ember);;2011;187.47;725.3;47.72;14.618.001;;
Europe (Ember);;2012;215.13;782.3;72.12;162.22;;
Europe (Ember);;2013;248.06;832.8;87.24;172.86;;
Europe (Ember);;2014;266.53;809.07;99.74;18.401.001;;
Europe (Ember);;2015;319.19;794.76;110.56;196.2;;
Europe (Ember);;2016;323.1;827.36;114.84;201.53;;
Europe (Ember);;2017;384.39;760.83;125.41;208;;
Europe (Ember);;2018;403.61;825.91;137.58;215.61;;
Europe (Ember);;2019;463.16;814.81;152.72;224.85;;
Europe (Ember);;2020;512.59;866.7;180.33;231.23;;
Europe (Ember);;2021;504.65;850.48;200.68;24.207.999;;
European Union (27);;2000;21.27;350.17;0.11;35.4;;
European Union (27);;2001;25.74;373.43;0.19;36.989.998;;
European Union (27);;2002;35.06;312.6;0.26999998;42.05;;
European Union (27);;2003;43.3;304.64;0.4;49.08;;
European Union (27);;2004;57.52;323.19;0.67999995;58.75;;
European Union (27);;2005;68.090.004;307.02;14.499.999;66.87;;
European Union (27);;2006;78.72;309.98;2.47;75.94;;
European Union (27);;2007;99.92;307.72;3.77;84.67;;
European Union (27);;2008;113.22;325.59;7.42;9.428.999;;
European Union (27);;2009;124.57;329;14.08;103.229.996;;
European Union (27);;2010;139.83;371.82;23.24;117.56;;
European Union (27);;2011;165.34;307.43;47.28;125.399.994;;
European Union (27);;2012;187.47;33.166.998;70.14;139.15;;
European Union (27);;2013;209.46;368.02;84.15;145.57;;
European Union (27);;2014;222.37;370.06;94.21;151.04;;
European Union (27);;2015;263.19;336;100.850.006;156.47;;
European Union (27);;2016;266.81;345.6;101.04;15.831.999;;
European Union (27);;2017;312.31;294.34;107.94;160.87;;
European Union (27);;2018;320.63;343.84;113.04;162.64;;
European Union (27);;2019;367.14;320.29;123.880.005;16.687.999;;
European Union (27);;2020;397.48;347.16;145.14;169.83;;
European Union (27);;2021;386.52;348.62;163.73;176.37;;
European Union (27);;2022;419.59;282.96;203.15;173.28;;
European Union (27) (Ember);;2000;21.27;350.17;0.11;35.4;;
European Union (27) (Ember);;2001;25.74;373.43;0.19;36.989.998;;
European Union (27) (Ember);;2002;35.06;312.6;0.27;42.05;;
European Union (27) (Ember);;2003;43.3;304.64;0.4;49.08;;
European Union (27) (Ember);;2004;57.52;323.19;0.68;58.75;;
European Union (27) (Ember);;2005;68.09;307.02;1.45;66.87;;
European Union (27) (Ember);;2006;78.72;309.98;2.47;75.94;;
European Union (27) (Ember);;2007;99.92;307.72;3.77;84.67;;
European Union (27) (Ember);;2008;113.22;325.59;7.42;9.428.999;;
European Union (27) (Ember);;2009;124.57;329;14.08;103.229.996;;
European Union (27) (Ember);;2010;139.83;371.82;23.24;117.56;;
European Union (27) (Ember);;2011;165.34;307.43;47.28;125.4;;
European Union (27) (Ember);;2012;187.47;331.67;70.14;139.15;;
European Union (27) (Ember);;2013;209.46;368.02;84.15;145.57;;
European Union (27) (Ember);;2014;222.37;370.06;94.21;151.04;;
European Union (27) (Ember);;2015;263.19;336;100.85;156.47;;
European Union (27) (Ember);;2016;266.81;345.6;101.04;15.831.999;;
European Union (27) (Ember);;2017;312.31;294.34;107.94;160.87;;
European Union (27) (Ember);;2018;320.63;343.84;113.04;162.64;;
European Union (27) (Ember);;2019;367.14;320.29;123.88;16.687.999;;
European Union (27) (Ember);;2020;397.48;347.16;145.14;169.83;;
European Union (27) (Ember);;2021;386.52;348.62;163.73;176.37;;
European Union (27) (Ember);;2022;419.59;282.96;203.15;173.28;;
Finland;FIN;2011;0.48;12.45;0.01;11.24;;
Finland;FIN;2012;0.49;16.86;0.01;11.2;;
Finland;FIN;2013;0.77;12.84;0.01;12.01;;
Finland;FIN;2014;1.11;13.4;0.01;11.76;;
Finland;FIN;2015;2.33;16.77;0.01;11.42;;
Finland;FIN;2016;3.07;15.8;0.02;11.52;;
Finland;FIN;2017;4.8;14.77;0.05;11.86;;
Finland;FIN;2018;5.84;13.3;0.09;12.91;;
Finland;FIN;2019;6.02;12.42;0.15;13.29;;
Finland;FIN;2020;7.94;15.88;0.22;11.57;;
Finland;FIN;2021;8.18;15.79;0.3;13.58;;
Finland;FIN;2022;11.19;14.02;0.3;13.99;;
France;FRA;2000;0.05;64.78;0.01;2.99;;
France;FRA;2001;0.13;72.62;0.01;3.33;;
France;FRA;2002;0.27;58.88;0.01;3.53;;
France;FRA;2003;0.39;57.35;0.01;3.72;;
France;FRA;2004;0.59;58.04;0.01;3.78;;
France;FRA;2005;0.96;50.14;0.01;38.700.001;;
France;FRA;2006;2.18;54.88;0.01;38.400.002;;
France;FRA;2007;4.07;55.99;0.02;4.22;;
France;FRA;2008;5.69;62.16;0.04;4.44;;
France;FRA;2009;7.91;55.49;0.17;4.58;;
France;FRA;2010;9.94;61.2;0.62;4.92;;
France;FRA;2011;12.37;45.74;2.33;5.58;;
France;FRA;2012;15.18;59.83;4.43;58.100.004;;
France;FRA;2013;16.13;71.92;5.19;6.18;;
France;FRA;2014;17.32;63.77;6.39;65.499.997;;
France;FRA;2015;21.42;55.56;7.75;7.11;;
France;FRA;2016;21.38;60.84;8.66;8.12;;
France;FRA;2017;24.61;50;9.59;8.43;;
France;FRA;2018;28.6;65.11;10.92;8.99;;
France;FRA;2019;34.72;56.91;12.33;9.25;;
France;FRA;2020;39.86;62.59;13.46;9.37;;
France;FRA;2021;36.83;59.62;15.73;10.18;;
France;FRA;2022;38.46;46.18;19.98;10.6;;
G20 (Ember);;2000;30.52;1955.13;1.05;17.495.999;;
G20 (Ember);;2001;37.24;1910.59;1.32;169.69;;
G20 (Ember);;2002;51;1928.62;1.66;18.426.001;;
G20 (Ember);;2003;62.01;1933.51;2.03;196.58;;
G20 (Ember);;2004;83.34;2098.06;2.67;212.34;;
G20 (Ember);;2005;101.34;2142.36;3.74;232.53;;
G20 (Ember);;2006;129.69;2243.9;5.05;24.481.999;;
G20 (Ember);;2007;166.75;2268.64;6.82;266.75;;
G20 (Ember);;2008;215.46;2441.1;11.24;282.77;;
G20 (Ember);;2009;269.79;2450.56;18.97;303.91;;
G20 (Ember);;2010;338.45;2609.59;30.3;345.38;;
G20 (Ember);;2011;431.1;2651.47;60.57;364.7;;
G20 (Ember);;2012;518.4;2770.72;92.56;39.194.998;;
G20 (Ember);;2013;626.96;2877.27;126.65;423.72;;
G20 (Ember);;2014;697.15;2987.02;188.79;459.44;;
G20 (Ember);;2015;802.39;2986.62;243.33;494.94;;
G20 (Ember);;2016;930.53;3083.49;310.56;501.42;;
G20 (Ember);;2017;1102.15;3084.65;419.16;535.64;;
G20 (Ember);;2018;1221.4;3183.36;535.86;563.96;;
G20 (Ember);;2019;1364.59;3271.77;645.25;591.95;;
G20 (Ember);;2020;1523.61;3361.37;775.7;622.7;;
G20 (Ember);;2021;1776.05;3249.01;937.75;68.119.995;;
G7 (Ember);;2000;16.87;847.13;0.95;117.99;;
G7 (Ember);;2001;20.07;767.67;1.18;109.979.996;;
G7 (Ember);;2002;29.96;810.5;1.46;119.19;;
G7 (Ember);;2003;35.08;810.57;1.79;125.420.006;;
G7 (Ember);;2004;46.79;816.45;2.38;130.34;;
G7 (Ember);;2005;55.1;808.54;3.39;13.918.001;;
G7 (Ember);;2006;71.93;835.15;4.6;144.2;;
G7 (Ember);;2007;93.95;792.85;5.81;152.61;;
G7 (Ember);;2008;121.14;827.26;7.82;153.51;;
G7 (Ember);;2009;147.29;838.8;11.2;159.39;;
G7 (Ember);;2010;175.22;822.86;19.3;172.25;;
G7 (Ember);;2011;223;884.37;40.2;178.84;;
G7 (Ember);;2012;256.98;852.69;62.83;19.123.999;;
G7 (Ember);;2013;302.98;883.18;83.2;206.75;;
G7 (Ember);;2014;332.15;862.83;122.78;219.5;;
G7 (Ember);;2015;380.15;835.49;153.65;23.382.999;;
G7 (Ember);;2016;419.93;851.04;183.88;234.27;;
G7 (Ember);;2017;489.67;880.13;220.72;238.91;;
G7 (Ember);;2018;525.88;886.3;249.56;243.58;;
G7 (Ember);;2019;580.93;867.3;273.63;243.27;;
G7 (Ember);;2020;646.52;875.23;315.27;244.62;;
G7 (Ember);;2021;659.8;833.03;360.81;243.07;;
Germany;DEU;2000;9.35;21.73;0.06;4.33;;
Germany;DEU;2001;10.46;22.73;0.12;4.59;;
Germany;DEU;2002;15.86;23.12;0.19;5.31;;
Germany;DEU;2003;19.09;18.32;0.31;8.95;;
Germany;DEU;2004;26.02;20.75;0.56;10.64;;
Germany;DEU;2005;27.77;19.64;1.28;14.71;;
Germany;DEU;2006;31.32;20.03;2.22;18.94;;
Germany;DEU;2007;40.51;21.17;3.08;24.62;;
Germany;DEU;2008;41.38;20.44;4.42;28.04;;
Germany;DEU;2009;39.42;19.03;6.58;30.91;;
Germany;DEU;2010;38.55;20.95;11.73;33.949.997;;
Germany;DEU;2011;49.86;17.67;19.6;36.91;;
Germany;DEU;2012;51.68;21.75;26.38;43.23;;
Germany;DEU;2013;52.74;23;31.01;45.59;;
Germany;DEU;2014;58.5;19.59;36.06;48.39;;
Germany;DEU;2015;80.62;18.98;38.73;50.460.003;;
Germany;DEU;2016;79.92;20.55;38.1;51.1;;
Germany;DEU;2017;105.69;20.15;39.4;51.079.998;;
Germany;DEU;2018;109.95;17.69;43.46;50.97;;
Germany;DEU;2019;125.89;19.73;44.38;50.33;;
Germany;DEU;2020;132.1;18.72;49.5;51.16;;
Germany;DEU;2021;114.65;19.66;49.34;47.15;;
Germany;DEU;2022;126.1;17.45;58.98;47.54;;
Greece;GRC;2008;2.24;3.31;0.01;0.19;;
Greece;GRC;2009;2.54;5.35;0.05;0.22;;
Greece;GRC;2010;2.71;7.47;0.16;0.19;;
Greece;GRC;2011;3.32;4.01;0.61;0.21;;
Greece;GRC;2012;3.85;4.39;1.69;0.2;;
Greece;GRC;2013;4.14;6.35;3.65;0.22;;
Greece;GRC;2014;3.69;4.48;3.79;0.22;;
Greece;GRC;2015;4.62;6.1;3.9;0.23;;
Greece;GRC;2016;5.15;5.54;3.93;0.27;;
Greece;GRC;2017;5.54;3.96;3.99;0.31;;
Greece;GRC;2018;6.3;5.74;3.79;0.31;;
Greece;GRC;2019;7.27;4;4.43;0.4;;
Greece;GRC;2020;9.31;3.34;4.45;0.45;;
Greece;GRC;2021;10.48;5.9;5.25;0.5;;
Greece;GRC;2022;10.86;4.73;6.62;0.5;;
Guatemala;GTM;2015;0.11;3.87;0.16;2.72;;
Guatemala;GTM;2016;0.22;3.99;0.19;28.799.999;;
Guatemala;GTM;2017;0.22;5.81;0.2;26.599.998;;
Guatemala;GTM;2018;0.32;5.31;0.2;3.37;;
Guatemala;GTM;2019;0.33;4.47;0.23;3.44;;
Guatemala;GTM;2020;0.31;5.78;0.22;2.84;;
Guatemala;GTM;2021;0.32;5.92;0.23;31.399.999;;
High-income countries;;2000;28.42;1306.58;1.02;146.91;;
High-income countries;;2001;34.46;1225.73;1.28;140;;
High-income countries;;2002;48.13;1231.2;1.58;15.306.999;;
High-income countries;;2003;58.57;1209.69;19.399.999;161.87;;
High-income countries;;2004;77.28;1222.62;2.56;175.16;;
High-income countries;;2005;94.380.005;12.355.599;36.299.999;189.22;;
High-income countries;;2006;117.71;1244.74;4.94;199.7;;
High-income countries;;2007;150.54;1223.18;6.65;212.38;;
High-income countries;;2008;188.49;1263.91;11.03;22.006.999;;
High-income countries;;2009;225.7;1268.63;18.67;23.018.001;;
High-income countries;;2010;266.34;1275.78;29.63;254.89;;
High-income countries;;2011;327.05;1306.09;57.440.002;26.790.997;;
High-income countries;;2012;374.48;1308.42;86.86;288.31;;
High-income countries;;2013;440.21;1340.62;114.35;304.18;;
High-income countries;;2014;476.25;1334.65;159.16;321.38;;
High-income countries;;2015;542;1293;19.581.999;338.98;;
High-income countries;;2016;586.89;1317.39;231.7;339.53;;
High-income countries;;2017;675.19;1318.28;277.67;348.8;;
High-income countries;;2018;715.88;1340.78;315.89;35.568.002;;
High-income countries;;2019;801.62;1299.52;362.61;35.765.997;;
High-income countries;;2020;896.52;1338.78;43.872.998;356.6;;
High-income countries;;2021;924.33;1278.46;519.47;365.94;;
Honduras;HND;2012;0.34;2.76;0.01;0.44;;
Honduras;HND;2013;0.31;2.71;0.01;0.55;;
Honduras;HND;2014;0.4;2.58;0.01;0.63;;
Honduras;HND;2015;0.67;2.32;0.43;0.87;;
Honduras;HND;2016;0.58;2.33;0.89;1;;
Honduras;HND;2017;0.58;2.97;0.93;0.96000004;;
Honduras;HND;2018;0.93;3.15;1;1.05;;
Honduras;HND;2019;0.82;2.43;1.12;13.599.999;;
Honduras;HND;2020;0.71;2.7;1.05;13.900.001;;
Honduras;HND;2021;0.8;2.7;1.28;1.45;;
Hungary;HUN;2012;0.77;0.21;0.01;1.65;;
Hungary;HUN;2013;0.72;0.21;0.02;1.83;;
Hungary;HUN;2014;0.66;0.3;0.07;2.13;;
Hungary;HUN;2015;0.69;0.23;0.14;2.16;;
Hungary;HUN;2016;0.68;0.26;0.24;2.07;;
Hungary;HUN;2017;0.76;0.22;0.35;2.15;;
Hungary;HUN;2018;0.61;0.22;0.63;2.31;;
Hungary;HUN;2019;0.73;0.22;1.5;2.25;;
Hungary;HUN;2020;0.65;0.24;2.46;2.17;;
Hungary;HUN;2021;0.66;0.21;3.8;2.24;;
Hungary;HUN;2022;0.61;0.19;4.47;2.26;;
India;IND;2000;1.58;76.99;0.01;16.860.788;;
India;IND;2001;2.09;72.02;0.01;206.915;;
India;IND;2002;2.09;68.54;0.01;21.399.007;;
India;IND;2003;2.6;69.3;0.02;27.125.397;;
India;IND;2004;5.23;100.64;0.02;33.143.632;;
India;IND;2005;5.99;97.42;0.02;4.035.136;;
India;IND;2006;9.34;112.62;0.01;5.587;;
India;IND;2007;11.68;122.61;0.06;7.403;;
India;IND;2008;14.38;115.17;0.06;9.302;;
India;IND;2009;16.27;106.34;0.08;11.642;;
India;IND;2010;19.46;108.74;0.11;14.295;;
India;IND;2011;23.95;131.7;0.83;17.137;;
India;IND;2012;27.43;115.78;2.1;19.936;;
India;IND;2013;30.01;131.98;3.43;22.478;;
India;IND;2014;33.45;139;4.91;24.676;;
India;IND;2015;32.74;133.28;6.57;30.617.342;;
India;IND;2016;43.45;128.38;11.56;24.816.965;;
India;IND;2017;52.63;135.82;21.54;24.908.186;;
India;IND;2018;60.31;139.75;36.33;2.722.409;;
India;IND;2019;63.31;162.07;46.27;31.511.576;;
India;IND;2020;60.43;163.71;58.68;3.293.788;;
India;IND;2021;68.09;160.33;68.31;35.473.618;;
Indonesia;IDN;2016;0.01;18.68;0.02;20.869.999;;
Indonesia;IDN;2018;0.19;21.64;0.09;26.46;;
Indonesia;IDN;2019;0.48;21.16;0.12;26.279.999;;
Indonesia;IDN;2020;0.47;24.33;0.17;27.939.999;;
Indonesia;IDN;2021;0.44;24.7;0.19;30.89;;
Iran;IRN;2017;0.32;17.23;0.09;0.02444;;
Iran;IRN;2018;0.75;9.84;0.22;0.02444;;
Iran;IRN;2019;0.72;33.87;0.51;0.010686;;
Iran;IRN;2020;1.13;23.2;0.64;0.010715277;;
Iran;IRN;2021;1.13;14.88;0.67;0.010686;;
Ireland;IRL;2016;6.15;0.68;0.01;0.68;;
Ireland;IRL;2017;7.44;0.69;0.01;0.74;;
Ireland;IRL;2018;8.64;0.69;0.02;0.85;;
Ireland;IRL;2019;10.02;0.89;0.04;0.85;;
Ireland;IRL;2020;11.55;0.93;0.06;0.92;;
Ireland;IRL;2021;9.78;0.75;0.09;1;;
Ireland;IRL;2022;11.5;0.72;0.09;1.08;;
Israel;ISR;2009;0.01;0.02;0.02;0.02;;
Israel;ISR;2010;0.01;0.03;0.07;0.03;;
Israel;ISR;2011;0.01;0.03;0.19;0.03;;
Israel;ISR;2012;0.01;0.03;0.37;0.03;;
Israel;ISR;2013;0.01;0.03;0.49;0.05;;
Israel;ISR;2014;0.01;0.01;0.88;0.06;;
Israel;ISR;2015;0.01;0.02;1.12;0.1;;
Israel;ISR;2020;0.2;0.02;3.53;0.11;;
Israel;ISR;2021;0.19;0.02;4.64;0.11;;
Italy;ITA;2000;0.56;44.2;0.02;60.899.997;;
Italy;ITA;2001;1.18;46.81;0.02;6.34;;
Italy;ITA;2002;1.4;39.52;0.02;7.37;;
Italy;ITA;2003;1.46;36.67;0.02;8.71;;
Italy;ITA;2004;1.85;42.34;0.03;9.66;;
Italy;ITA;2005;2.34;36.07;0.03;9.99;;
Italy;ITA;2006;2.97;36.99;0.04;10.64;;
Italy;ITA;2007;4.03;32.82;0.04;10.83;;
Italy;ITA;2008;4.86;41.62;0.19;11.49;;
Italy;ITA;2009;6.54;49.14;0.68;12.9;;
Italy;ITA;2010;9.13;51.12;1.91;14.82;;
Italy;ITA;2011;9.86;45.82;10.8;16.48;;
Italy;ITA;2012;13.41;41.87;18.86;18.08;;
Italy;ITA;2013;14.9;52.77;21.59;22.74;;
Italy;ITA;2014;15.18;58.55;22.31;24.64;;
Italy;ITA;2015;14.84;45.54;22.94;25.57;;
Italy;ITA;2016;17.69;42.43;22.1;25.79;;
Italy;ITA;2017;17.74;36.2;24.38;25.57;;
Italy;ITA;2018;17.72;48.79;22.65;25.25;;
Italy;ITA;2019;20.2;46.32;23.69;25.619.999;;
Italy;ITA;2020;18.76;47.55;24.94;25.650.002;;
Italy;ITA;2021;20.93;45.39;25.04;24.97;;
Italy;ITA;2022;19.91;29.94;27.73;24.029.999;;
Jamaica;JAM;2014;0.12;0.14;0.01;0.16;;
Jamaica;JAM;2015;0.13;0.13;0.01;0.16;;
Jamaica;JAM;2016;0.21;0.12;0.01;0.16;;
Jamaica;JAM;2017;0.25;0.15;0.04;0.16;;
Jamaica;JAM;2018;0.3;0.18;0.05;0.16;;
Jamaica;JAM;2019;0.27;0.16;0.09;0.13;;
Jamaica;JAM;2020;0.28;0.14;0.12;0.11;;
Jamaica;JAM;2021;0.3;0.14;0.15;0.12;;
Japan;JPN;2000;0.11;86.38;0.35;17.32;;
Japan;JPN;2001;0.25;83.32;0.47;17.32;;
Japan;JPN;2002;0.41;81.55;0.67;18.470.001;;
Japan;JPN;2003;0.83;93.66;0.9;18.79;;
Japan;JPN;2004;1.3;93.12;1.19;19.119.999;;
Japan;JPN;2005;1.75;75.71;1.49;21.619.999;;
Japan;JPN;2006;2.17;86.65;1.79;21.46;;
Japan;JPN;2007;2.61;73.27;2.02;22.900.002;;
Japan;JPN;2008;2.94;75.68;2.25;19.92;;
Japan;JPN;2009;3.61;76.13;2.76;19.779.999;;
Japan;JPN;2010;4.02;83.43;3.54;22.93;;
Japan;JPN;2011;4.68;84.55;4.84;22.43;;
Japan;JPN;2012;4.84;76.18;6.61;23.46;;
Japan;JPN;2013;5.19;79.04;12.88;24.369.999;;
Japan;JPN;2014;5.22;83.16;22.95;25.2;;
Japan;JPN;2015;5.58;86.75;34.8;30.21;;
Japan;JPN;2016;6.17;79.14;45.76;26.630.001;;
Japan;JPN;2017;6.49;83.42;55.07;30.140.001;;
Japan;JPN;2018;7.18;80.63;62.67;33.15;;
Japan;JPN;2019;7.58;79.82;69.38;35.94;;
Japan;JPN;2020;8.48;78.81;79.09;39.22;;
Japan;JPN;2021;8.96;79.14;88.7;39.93;;
Jordan;JOR;2015;0.12;0.05;0.05;0.07;;
Jordan;JOR;2016;0.39;0.04;0.43;0.07;;
Jordan;JOR;2017;0.45;0.04;0.91;0.07;;
Jordan;JOR;2018;0.71;0.02;1.43;0.06;;
Jordan;JOR;2019;0.88;0.02;2.06;0.06;;
Jordan;JOR;2020;1.38;0.02;2.87;0.05;;
Jordan;JOR;2021;1.57;0.02;3.5;0.06;;
Kazakhstan;KAZ;2015;0.13;9.27;0.05;0.000476;;
Kazakhstan;KAZ;2016;0.27;11.62;0.09;0.00186;;
Kazakhstan;KAZ;2017;0.34;11.21;0.09;0.0021442;;
Kazakhstan;KAZ;2018;0.39;10.38;0.14;0.0024284;;
Kazakhstan;KAZ;2019;0.71;9.99;0.39;0.0049671;;
Kazakhstan;KAZ;2020;1.14;9.8;2.57;0.0065268;;
Kazakhstan;KAZ;2021;1.8;9.44;2.96;0.004567772;;
Kenya;KEN;2011;0.02;3.42;0.01;1.78;;
Kenya;KEN;2012;0.01;4.26;0.01;1.82;;
Kenya;KEN;2013;0.01;3.91;0.03;2.21;;
Kenya;KEN;2014;0.02;3.28;0.05;3.38;;
Kenya;KEN;2015;0.06;3.75;0.05;4.63;;
Kenya;KEN;2016;0.06;3.31;0.06;4.84;;
Kenya;KEN;2017;0.06;3.17;0.07;5.13;;
Kenya;KEN;2018;0.38;3.99;0.09;5.33;;
Kenya;KEN;2019;1.56;3.21;0.09;53.799.996;;
Kenya;KEN;2020;1.33;4.23;0.09;5.17;;
Kenya;KEN;2021;1.51;4;0.1;5.24;;
Latin America and Caribbean (Ember);;2000;0.26;577.86;0.02;23.45;;
Latin America and Caribbean (Ember);;2001;0.32;539.04;0.02;24.609.999;;
Latin America and Caribbean (Ember);;2002;0.44;560.21;0.02;26;;
Latin America and Caribbean (Ember);;2003;0.52;578.41;0.02;29.64;;
Latin America and Caribbean (Ember);;2004;0.54;605.03;0.02;32.15;;
Latin America and Caribbean (Ember);;2005;0.54;641.31;0.02;38;;
Latin America and Caribbean (Ember);;2006;0.8;671.42;0.02;38.21;;
Latin America and Caribbean (Ember);;2007;1.35;689.21;0.02;44.25;;
Latin America and Caribbean (Ember);;2008;1.54;705.73;0.02;46.379.997;;
Latin America and Caribbean (Ember);;2009;2.63;710.14;0.02;49.530.003;;
Latin America and Caribbean (Ember);;2010;4.61;728.03;0.06;58.239.998;;
Latin America and Caribbean (Ember);;2011;5.89;769.94;0.12;59.329.998;;
Latin America and Caribbean (Ember);;2012;11.74;750.13;0.24;61.77;;
Latin America and Caribbean (Ember);;2013;14.74;731.69;0.58;68.56;;
Latin America and Caribbean (Ember);;2014;24.73;702.32;1.28;75.28;;
Latin America and Caribbean (Ember);;2015;39.57;694.54;3.07;79.840.004;;
Latin America and Caribbean (Ember);;2016;54.47;707.82;5.28;82.17;;
Latin America and Caribbean (Ember);;2017;65.35;724.92;8.56;82.56;;
Latin America and Caribbean (Ember);;2018;78.1;742.46;14.19;85.049.995;;
Latin America and Caribbean (Ember);;2019;94.5;712.58;25.65;85.149.994;;
Latin America and Caribbean (Ember);;2020;104;716.54;36.55;88.979.996;;
Latin America and Caribbean (Ember);;2021;125.55;689.28;50.55;90.5;;
Latvia;LVA;2021;0.14;2.71;0.01;0.86;;
Latvia;LVA;2022;0.19;2.77;0.01;0.68;;
Lebanon;LBN;2014;0.01;0.19;0.01;0.01;;
Lebanon;LBN;2015;0.01;0.47;0.02;0.01;;
Lebanon;LBN;2016;0.01;0.38;0.04;0.06;;
Lebanon;LBN;2017;0.01;0.41;0.06;0.06;;
Lebanon;LBN;2018;0.01;0.34;0.09;0.06;;
Lebanon;LBN;2019;0.01;0.97;0.11;0.06;;
Lebanon;LBN;2020;0.01;1.05;0.12;0.06;;
Lebanon;LBN;2021;0.01;0.97;0.12;0.06;;
Lithuania;LTU;2013;0.6;0.52;0.05;0.36;;
Lithuania;LTU;2014;0.64;0.4;0.07;0.4;;
Lithuania;LTU;2015;0.81;0.35;0.07;0.45;;
Lithuania;LTU;2016;1.14;0.45;0.07;0.44;;
Lithuania;LTU;2017;1.36;0.6;0.07;0.5;;
Lithuania;LTU;2018;1.14;0.43;0.09;0.54;;
Lithuania;LTU;2019;1.5;0.35;0.09;0.53;;
Lithuania;LTU;2020;1.55;0.3;0.13;0.59;;
Lithuania;LTU;2021;1.36;0.38;0.19;0.69;;
Lithuania;LTU;2022;1.59;0.45;0.43;0.65;;
Low-income countries;;2011;0.03;60.16;0.049999997;0.47;;
Low-income countries;;2012;0.19;60.21;0.13;0.69;;
Low-income countries;;2013;0.36;63.93;0.14999999;0.71;;
Low-income countries;;2014;0.5;66.5;0.19999999;1.4;;
Low-income countries;;2015;0.76;63.25;0.35999998;2.05;;
Low-income countries;;2016;0.78999996;68.42;0.47;1.59;;
Low-income countries;;2017;0.54999995;68.55;0.58;1.57;;
Low-income countries;;2018;0.87;70.18;1.03;1.58;;
Low-income countries;;2019;0.63;71.68;1.23;1.42;;
Low-income countries;;2020;0.63;76.93;1.31;1.38;;
Low-income countries;;2021;0.63;74.86;15.600.001;1.46;;
Lower-middle-income countries;;2000;1.86;24.190.001;0.02;26.669.998;;
Lower-middle-income countries;;2001;2.6;246.84;0.02;27.240.002;;
Lower-middle-income countries;;2002;2.57;246.74;0.02;27.759.998;;
Lower-middle-income countries;;2003;32.599.998;26.158.002;0.03;28.22;;
Lower-middle-income countries;;2004;6.08;300.71;0.03;30.91;;
Lower-middle-income countries;;2005;6.93;306.45;0.03;32.809.998;;
Lower-middle-income countries;;2006;10.400.001;330.18;0.03;34.92;;
Lower-middle-income countries;;2007;13.09;340.69;0.11;38.83;;
Lower-middle-income countries;;2008;15.95;329.52;0.12;43.47;;
Lower-middle-income countries;;2009;18.369.999;324.74;0.15;46.53;;
Lower-middle-income countries;;2010;22.32;355.21;0.47;51.37;;
Lower-middle-income countries;;2011;27.18;38.816.998;1.26;55.679.996;;
Lower-middle-income countries;;2012;31.070.002;390.59;30.499.997;59.54;;
Lower-middle-income countries;;2013;35.72;43.137.997;4.69;62.29;;
Lower-middle-income countries;;2014;41.460.003;433.31;6.41;68.94;;
Lower-middle-income countries;;2015;43.04;414.78;8.9;78.58;;
Lower-middle-income countries;;2016;54.91;424.69;16.720.001;75.5;;
Lower-middle-income countries;;2017;65.33;47.058.002;28.460.001;77.84;;
Lower-middle-income countries;;2018;77.58;491.62;46.29;83.149.994;;
Lower-middle-income countries;;2019;84.87;509.63;68.19;87.36;;
Lower-middle-income countries;;2020;83.49;524.12;90.799.995;90.630.005;;
Lower-middle-income countries;;2021;94.85;521.13;117.56;96.89;;
Luxembourg;LUX;2004;0.04;0.1;0.01;0.04;;
Luxembourg;LUX;2005;0.05;0.09;0.02;0.05;;
Luxembourg;LUX;2006;0.06;0.11;0.02;0.06;;
Luxembourg;LUX;2007;0.06;0.12;0.02;0.06;;
Luxembourg;LUX;2008;0.06;0.13;0.02;0.07;;
Luxembourg;LUX;2009;0.06;0.11;0.02;0.08;;
Luxembourg;LUX;2010;0.06;0.11;0.02;0.08;;
Luxembourg;LUX;2011;0.06;0.06;0.03;0.09;;
Luxembourg;LUX;2012;0.08;0.1;0.04;0.09;;
Luxembourg;LUX;2013;0.08;0.12;0.07;0.09;;
Luxembourg;LUX;2014;0.08;0.11;0.09;0.12;;
Luxembourg;LUX;2015;0.1;0.1;0.1;0.13;;
Luxembourg;LUX;2016;0.1;0.12;0.1;0.14;;
Luxembourg;LUX;2017;0.23;0.09;0.11;0.17;;
Luxembourg;LUX;2018;0.25;0.09;0.12;0.22;;
Luxembourg;LUX;2019;0.28;0.11;0.13;0.28;;
Luxembourg;LUX;2020;0.35;0.09;0.16;0.37;;
Luxembourg;LUX;2021;0.31;0.11;0.18;0.39;;
Luxembourg;LUX;2022;0.32;0.06;0.24;0.4;;
Mauritius;MUS;2016;0.02;0.1;0.03;0.35;;
Mauritius;MUS;2017;0.01;0.09;0.04;0.36;;
Mauritius;MUS;2018;0.01;0.12;0.05;0.36;;
Mauritius;MUS;2019;0.01;0.1;0.13;0.36;;
Mauritius;MUS;2020;0.02;0.1;0.15;0.31;;
Mauritius;MUS;2021;0.02;0.1;0.16;0.33;;
Mexico;MEX;2000;0.02;32.8;0.01;11.68;;
Mexico;MEX;2001;0.02;28.22;0.01;11.309.999;;
Mexico;MEX;2002;0.02;24.7;0.01;10.940.001;;
Mexico;MEX;2003;0.02;19.68;0.01;12.4;;
Mexico;MEX;2004;0.02;24.95;0.01;13.21;;
Mexico;MEX;2005;0.02;27.38;0.01;14.88;;
Mexico;MEX;2006;0.06;30.09;0.01;13.469.999;;
Mexico;MEX;2007;0.26;27;0.01;14.87;;
Mexico;MEX;2008;0.27;38.79;0.01;14.15;;
Mexico;MEX;2009;0.6;26.45;0.01;13.53;;
Mexico;MEX;2010;1.24;36.79;0.03;13.309.999;;
Mexico;MEX;2011;1.63;35.93;0.04;13.1;;
Mexico;MEX;2012;3.67;31.59;0.07;11.870.001;;
Mexico;MEX;2013;4.17;27.72;0.11;12.67;;
Mexico;MEX;2014;6.35;38.55;0.22;12.34;;
Mexico;MEX;2015;8.45;30.61;0.24;13.12;;
Mexico;MEX;2016;9.93;29.74;0.46;12.84;;
Mexico;MEX;2017;9.91;31.74;1.07;13.16;;
Mexico;MEX;2018;12.53;32.3;1.36;12.59;;
Mexico;MEX;2019;16.78;23.54;6.97;11.71;;
Mexico;MEX;2020;19.77;26.74;11.24;11.440.001;;
Mexico;MEX;2021;20.97;34.47;14.16;11.05;;
Middle Africa (BP);;2016;0.0089;221.116;0.038616;0.048;;
Middle Africa (BP);;2017;0.0089;24.865.995;0.045344;0.048976;;
Middle Africa (BP);;2018;0.0089;28.182.573;0.069895;0.050622;;
Middle Africa (BP);;2019;0.0089;3.011.991;0.069895;0.05259;;
Middle Africa (BP);;2020;0.008924383;3.267.672;0.071159944;0.05273408;;
Middle Africa (BP);;2021;0.0089;3.336.135;0.07113727;0.05259;;
Middle East (BP);;2006;0.1394;28.254.223;0.0001;0.006;;
Middle East (BP);;2007;0.155;26.705.812;0.0001;0.01;;
Middle East (BP);;2008;0.2101;13.690.433;0.003509;0.016;;
Middle East (BP);;2009;0.2405;12.116.322;0.034263;0.0507;;
Middle East (BP);;2010;0.1823;17.390.324;0.0977515;0.0802;;
Middle East (BP);;2011;0.2243;18.255.754;0.226665;0.217844;;
Middle East (BP);;2012;0.2953;21.407.372;0.4309066;0.219444;;
Middle East (BP);;2013;0.235789;23.509.758;0.691371;0.183244;;
Middle East (BP);;2014;0.219578;1.994.348;13.069.485;0.268444;;
Middle East (BP);;2015;0.280589;16.767.385;1.838.847;0.211444;;
Middle East (BP);;2016;0.563;20.145.979;2.780.138;0.324144;;
Middle East (BP);;2017;0.792871;20.614.758;3.545.037;0.329384;;
Middle East (BP);;2018;1.467.211;12.780.051;5.411.068;0.343984;;
Middle East (BP);;2019;1.617.493;4.056.568;1.015.524;0.36043;;
Middle East (BP);;2020;26.210.256;2.809.854;12.667.598;0.37408626;;
Middle East (BP);;2021;28.963.327;1.950.412;15.211.198;0.41840345;;
Moldova;MDA;2021;0.08;0.32;0.01;0.02;;
Morocco;MAR;2012;0.73;1.62;0.06;0.01;;
Morocco;MAR;2013;1.36;2.76;0.06;0.01;;
Morocco;MAR;2014;1.92;1.62;0.06;0.01;;
Morocco;MAR;2015;2.52;1.87;0.03;0.03;;
Morocco;MAR;2016;3.02;1.24;0.43;0.05;;
Morocco;MAR;2017;3.04;1.17;0.44;0.04;;
Morocco;MAR;2018;3.86;1.68;0.95;0.03;;
Morocco;MAR;2019;4.72;1.26;1.58;0.04;;
Morocco;MAR;2020;4.59;0.87;1.52;0.04;;
Morocco;MAR;2021;5.11;1.21;1.82;0.04;;
Netherlands;NLD;2000;0.83;0.14;0.01;1.99;;
Netherlands;NLD;2001;0.83;0.12;0.01;2.35;;
Netherlands;NLD;2002;0.95;0.11;0.02;2.9;;
Netherlands;NLD;2003;1.32;0.07;0.03;2.54;;
Netherlands;NLD;2004;1.87;0.09;0.03;3.31;;
Netherlands;NLD;2005;2.07;0.09;0.04;5.26;;
Netherlands;NLD;2006;2.73;0.11;0.04;5.17;;
Netherlands;NLD;2007;3.44;0.11;0.04;4;;
Netherlands;NLD;2008;4.26;0.1;0.04;5.13;;
Netherlands;NLD;2009;4.58;0.1;0.04;6.11;;
Netherlands;NLD;2010;3.99;0.1;0.06;7.04;;
Netherlands;NLD;2011;5.1;0.06;0.1;7.06;;
Netherlands;NLD;2012;4.98;0.1;0.19;7.2;;
Netherlands;NLD;2013;5.63;0.11;0.41;5.95;;
Netherlands;NLD;2014;5.8;0.11;0.73;5.01;;
Netherlands;NLD;2015;7.55;0.09;1.11;4.94;;
Netherlands;NLD;2016;8.17;0.1;1.6;4.91;;
Netherlands;NLD;2017;10.57;0.06;2.2;4.6;;
Netherlands;NLD;2018;10.55;0.07;3.71;4.58;;
Netherlands;NLD;2019;11.51;0.07;5.4;5.81;;
Netherlands;NLD;2020;15.28;0.05;8.57;8.85;;
Netherlands;NLD;2021;18;0.09;11.5;10.88;;
Netherlands;NLD;2022;20.52;0.07;17.34;9.85;;
New Zealand;NZL;2013;2;22.8;0.01;6.99;;
New Zealand;NZL;2014;2.19;24.07;0.02;7.66;;
New Zealand;NZL;2015;2.34;24.28;0.04;8.2;;
New Zealand;NZL;2016;2.32;25.68;0.06;8.09;;
New Zealand;NZL;2017;2.07;24.92;0.08;8.21;;
New Zealand;NZL;2018;2.05;25.99;0.1;8.11;;
New Zealand;NZL;2019;2.23;25.34;0.13;8.21;;
New Zealand;NZL;2020;2.28;24.03;0.16;8.26;;
New Zealand;NZL;2021;2.62;23.98;0.2;8.25;;
Nicaragua;NIC;2012;0.33;0.41;0.01;0.91999996;;
Nicaragua;NIC;2017;0.63;0.46;0.01;1.2;;
Nicaragua;NIC;2018;0.8;0.41;0.02;1.25;;
Nicaragua;NIC;2019;0.73;0.23;0.03;13.199.999;;
Nicaragua;NIC;2020;0.55;0.57;0.03;1.27;;
Nicaragua;NIC;2021;0.63;0.57;0.03;1.3;;
Non-OECD (BP);;2000;26.595.974;12.514.701;0.044632446;3.921.229;;
Non-OECD (BP);;2001;36.127.121;12.852.117;0.06454694;41.591.484;;
Non-OECD (BP);;2002;3.907.609;13.096.598;0.08758688;43.616.936;;
Non-OECD (BP);;2003;467.834;13.300.963;0.11402237;47.146.294;;
Non-OECD (BP);;2004;78.997.703;14.931.588;0.13750423;5.069.905;;
Non-OECD (BP);;2005;9.469.675;15.760.785;0.16289544;54.292.282;;
Non-OECD (BP);;2006;15.197.648;16.633.641;0.21474116;6.104.571;;
Non-OECD (BP);;2007;20.124.887;17.497.335;0.31159696;7.004.063;;
Non-OECD (BP);;2008;3.150.779;18.734.684;0.40451974;81.582.054;;
Non-OECD (BP);;2009;4.895.377;18.850.929;0.6187872;949.777;;
Non-OECD (BP);;2010;76.895.454;20.307.882;13.379.903;11.313.499;;
Non-OECD (BP);;2011;10.907.014;20.561.714;4.683.093;12.112.756;;
Non-OECD (BP);;2012;14.698.158;22.005.352;9.249.832;13.205.638;;
Non-OECD (BP);;2013;19.165.837;2.329.115;17.950.787;14.861.955;;
Non-OECD (BP);;2014;22.684.457;24.511.494;3.816.274;17.096.185;;
Non-OECD (BP);;2015;27.190.057;24.561.135;60.593.838;19.184.166;;
Non-OECD (BP);;2016;3.541.591;25.631.506;9.907.354;19.878.886;;
Non-OECD (BP);;2017;44.195.383;26.244.407;16.785.309;22.145.059;;
Non-OECD (BP);;2018;52.518.384;27.024.075;25.187.541;2.586.427;;
Non-OECD (BP);;2019;5.902.074;27.842.197;3.309.863;28.570.352;;
Non-OECD (BP);;2020;66.105.914;28.626.907;4.037.636;3.156.815;;
Non-OECD (BP);;2021;8.852.322;2.833.551;5.092.423;35.269.214;;
North America;;2000;6.07;674.56;0.52;98.54;;
North America;;2001;7.31;581.36;0.57;89.24;;
North America;;2002;11.070.001;643.29;0.58;9.481.999;;
North America;;2003;12.4;637.87;0.55999994;96.23;;
North America;;2004;15.45;640.62;0.59999996;98.11;;
North America;;2005;19.699.999;669.19;0.58;102.67;;
North America;;2006;29.49;682.6;0.53999996;101.39;;
North America;;2007;38.06;651.78;0.65000004;10.432.001;;
North America;;2008;59.73;683.18;0.91;102.75;;
North America;;2009;81.71;681.32;1;102.939.995;;
North America;;2010;105.26;662.75;1.51;105.16;;
North America;;2011;132.92;744.03;2.46;106.049.995;;
North America;;2012;15.728.001;704.26;5.33;107.1;;
North America;;2013;191.86;703.98;10.83;112.3;;
North America;;2014;21.318.999;693.99;31.51;114.87;;
North America;;2015;229.88;676.92;43.12;116.159.996;;
North America;;2016;271.73;697.4;60.949.997;11.727.999;;
North America;;2017;299.56;746.13;83.92;116.24;;
North America;;2018;323.57;730.49;100.93;114.93;;
North America;;2019;350.79;705.78;121.23;110.59;;
North America;;2020;398.8;716.55;150.06;106;;
North America;;2021;440.29;687.87;188.2;106.79;;
North America (BP);;2000;5.932.759;6.625.963;0.5419337;8.185.851;;
North America (BP);;2001;71.523.848;57.019.635;0.60193;82.750.084;;
North America (BP);;2002;10.884.869;63.230.383;0.6323344;87.906.525;;
North America (BP);;2003;12.009.471;6.259.625;0.6414438;8.769.915;;
North America (BP);;2004;15.251.607;6.261.294;0.7213956;89.011.734;;
North America (BP);;2005;19.576.908;65.609.296;0.7749006;8.989.099;;
North America (BP);;2006;2.937.578;66.887.775;0.85543215;89.507.706;;
North America (BP);;2007;38.053.185;6.380.052;11.304.106;9.111.054;;
North America (BP);;2008;59.965.836;6.677.655;16.870.626;894.266;;
North America (BP);;2009;8.187.046;6.669.425;22.119.603;8.964.899;;
North America (BP);;2010;10.557.163;6.458.175;3.299.592;9.280.545;;
North America (BP);;2011;1.332.274;7.280.895;53.516.192;93.355.865;;
North America (BP);;2012;15.724.394;6.862.078;9.986.821;9.471.085;;
North America (BP);;2013;18.486.508;68.636.005;17.644.686;990.234;;
North America (BP);;2014;20.273.344;6.771.447;31.557.364;101.002.106;;
North America (BP);;2015;22.835.649;6.595.379;4.252.341;1.013.556;;
North America (BP);;2016;27.059.662;67.989.343;597.048;10.169.138;;
North America (BP);;2017;2.990.048;7.232.415;8.281.782;10.177.462;;
North America (BP);;2018;32.165.475;7.078.941;10.128.505;10.008.296;;
North America (BP);;2019;34.847.345;69.084.607;119.420.204;9.458.003;;
North America (BP);;2020;39.669.574;6.962.605;1.457.746;9.072.715;;
North America (BP);;2021;43.962.244;6.732.584;1.824.262;9.209.221;;
North America (Ember);;2000;5.85;625.12;0.51;83.32;;
North America (Ember);;2001;7.08;538.29;0.56;73.87;;
North America (Ember);;2002;10.76;602.82;0.57;79.43;;
North America (Ember);;2003;12.02;601.52;0.55;79.15;;
North America (Ember);;2004;15.09;597.55;0.59;79.78;;
North America (Ember);;2005;19.38;622.26;0.57;79.89;;
North America (Ember);;2006;29.06;632.21;0.53;80.04;;
North America (Ember);;2007;37.46;604.72;0.64;80.71;;
North America (Ember);;2008;59.15;622.42;0.9;80.05;;
North America (Ember);;2009;80.53;634.04;0.99;80.5;;
North America (Ember);;2010;103.29;602.86;1.46;83.37;;
North America (Ember);;2011;130.27;685.24;2.39;84.13;;
North America (Ember);;2012;152.02;648.09;5.2;85.93;;
North America (Ember);;2013;185.62;652.12;10.52;89.770.004;;
North America (Ember);;2014;203.97;632.26;31.02;92.1;;
North America (Ember);;2015;217.42;622.78;41.9;92.009.995;;
North America (Ember);;2016;257.61;643.11;58.86;92.57;;
North America (Ember);;2017;285.5;684.86;80.82;9.181.999;;
North America (Ember);;2018;305.52;669.05;97.12;90.28;;
North America (Ember);;2019;328.21;658.99;110.93;84.83;;
North America (Ember);;2020;373.68;661.38;134.96;81.119.995;;
North America (Ember);;2021;413.41;624.13;169.53;81.72;;
North Macedonia;MKD;2015;0.12;1.87;0.02;0.02;;
North Macedonia;MKD;2016;0.11;1.9;0.02;0.04;;
North Macedonia;MKD;2017;0.11;1.11;0.02;0.05;;
North Macedonia;MKD;2018;0.1;1.79;0.02;0.05;;
North Macedonia;MKD;2019;0.1;1.16;0.02;0.06;;
North Macedonia;MKD;2020;0.12;1.28;0.02;0.06;;
North Macedonia;MKD;2021;0.06;1.03;0.02;0.06;;
Norway;NOR;2019;5.54;125.52;0.01;0.25;;
Norway;NOR;2020;9.91;140.93;0.03;0.24;;
Norway;NOR;2021;11.32;138.66;0.03;0.45999998;;
OECD (BP);;2000;28.747.837;13.951.969;10.143.377;14.553.792;;
OECD (BP);;2001;3.476.874;12.934.702;13.587.384;15.030.263;;
OECD (BP);;2002;48.437.172;13.166.002;17.114.327;16.292.552;;
OECD (BP);;2003;58.607.056;1.292.725;21.410.816;17.099.664;;
OECD (BP);;2004;77.726.425;13.232.943;28.340.173;18.499.718;;
OECD (BP);;2005;9.517.466;1.335.203;40.242.143;20.078.943;;
OECD (BP);;2006;11.830.064;13.587.214;5.547.098;21.071.472;;
OECD (BP);;2007;1.513.818;13.231.589;7.506.313;22.480.244;;
OECD (BP);;2008;18.990.326;13.779.625;12.292.904;23.383.667;;
OECD (BP);;2009;22.783.876;13.613.212;20.455.187;24.383.632;;
OECD (BP);;2010;26.952.914;13.984.218;3.257.328;2.676.425;;
OECD (BP);;2011;33.131.363;14.365.006;6.089.923;2.812.277;;
OECD (BP);;2012;38.351.486;14.413.757;92.291.046;30.365.997;;
OECD (BP);;2013;44.384.677;14.592.173;120.650.665;32.237.637;;
OECD (BP);;2014;47.900.912;14.378.726;15.819.377;33.929.495;;
OECD (BP);;2015;55.944.324;14.222.546;19.414.587;35.925.967;;
OECD (BP);;2016;6.079.426;14.493.019;22.851.068;36.117.133;;
OECD (BP);;2017;6.984.393;14.455.419;2.776.132;37.496.985;;
OECD (BP);;2018;7.447.955;14.807.589;3.243.555;38.438.934;;
OECD (BP);;2019;83.033.673;1.447.157;37.296.347;3.890.418;;
OECD (BP);;2020;9.353.691;14.832.999;44.246.573;388.235;;
OECD (BP);;2021;97.670.764;14.402.766;5.232.589;4.100.905;;
OECD (Ember);;2000;28.64;1388.68;1.04;158.91;;
OECD (Ember);;2001;34.71;1292.84;1.3;151.4;;
OECD (Ember);;2002;48.43;1310.17;1.6;163.91;;
OECD (Ember);;2003;58.94;1288.6;1.96;17.370.999;;
OECD (Ember);;2004;77.62;1323.26;2.58;187.97;;
OECD (Ember);;2005;94.58;1329.71;3.65;20.359.999;;
OECD (Ember);;2006;117.89;1352.72;4.96;212.83;;
OECD (Ember);;2007;150.92;1318.55;6.67;22.673.001;;
OECD (Ember);;2008;189.19;1373.57;11.05;23.295.999;;
OECD (Ember);;2009;227.23;1361.33;18.67;243.28;;
OECD (Ember);;2010;269.46;1388.61;29.62;268.4;;
OECD (Ember);;2011;331.76;1433.2;57.36;280.7;;
OECD (Ember);;2012;382.31;1435.13;86.66;300.22;;
OECD (Ember);;2013;449.53;1460.99;113.88;317.96;;
OECD (Ember);;2014;488.28;1443.81;158.19;336.14;;
OECD (Ember);;2015;558.06;1426.54;194.46;355.09;;
OECD (Ember);;2016;607.39;1448.62;230.81;356.86;;
OECD (Ember);;2017;696.95;1458.19;277.92;367.72;;
OECD (Ember);;2018;741.77;1480.73;319.45;375.48;;
OECD (Ember);;2019;833.17;1452.04;369;38.008.002;;
OECD (Ember);;2020;932.4;1486.51;446.91;380.79;;
OECD (Ember);;2021;968.17;1431.9;528.48;39.741.998;;
Oceania;;2000;0.19;42.32;0.04;4.13;;
Oceania;;2001;0.36;39.75;0.04;4.15;;
Oceania;;2002;0.52000004;42.22;0.05;45.600.004;;
Oceania;;2003;0.85;41.3;0.06;5.1;;
Oceania;;2004;10.699.999;44.67;0.07;6.17;;
Oceania;;2005;1.51;40.04;0.08;7.91;;
Oceania;;2006;23.600.001;40.83;0.09;8.139.999;;
Oceania;;2007;3.58;39.62;0.11;8.63;;
Oceania;;2008;41.899.996;35.97;0.13;8.77;;
Oceania;;2009;5.33;37.63;0.16;8.39;;
Oceania;;2010;6.62;39.82;0.39;9.02;;
Oceania;;2011;8.78;43.600.002;1.4;9.360.001;;
Oceania;;2012;95.199.995;38.78;2.34;10.13;;
Oceania;;2013;11.6;43.07;3.51;10.63;;
Oceania;;2014;12.67;44.31;40.600.004;11.67;;
Oceania;;2015;13.87;39.54;5.14;12.139.999;;
Oceania;;2016;16.08;42.63;6.41;12.16;;
Oceania;;2017;15.39;42.81;8.33;122.300.005;;
Oceania;;2018;15.799.999;43.65;10.26;12.25;;
Oceania;;2019;22.009.998;42.89;15.27;12.07;;
Oceania;;2020;24.53;40.6;24.33;12.049.999;;
Oceania;;2021;28.77;40.55;28.62;11.97;;
Oceania (Ember);;2000;0.19;42.32;0.04;4.13;;
Oceania (Ember);;2001;0.36;39.75;0.04;4.15;;
Oceania (Ember);;2002;0.52;42.22;0.05;4.56;;
Oceania (Ember);;2003;0.85;41.3;0.06;51.000.004;;
Oceania (Ember);;2004;1.07;44.67;0.07;6.17;;
Oceania (Ember);;2005;1.51;40.04;0.08;7.91;;
Oceania (Ember);;2006;2.36;40.83;0.09;8.139.999;;
Oceania (Ember);;2007;3.58;39.62;0.11;8.63;;
Oceania (Ember);;2008;4.19;35.97;0.13;8.77;;
Oceania (Ember);;2009;5.33;37.63;0.16;8.389.999;;
Oceania (Ember);;2010;6.62;39.82;0.39;9.02;;
Oceania (Ember);;2011;8.78;43.6;1.4;9.360.001;;
Oceania (Ember);;2012;9.52;38.78;2.34;10.13;;
Oceania (Ember);;2013;11.6;43.07;3.51;10.63;;
Oceania (Ember);;2014;12.67;44.31;4.06;11.67;;
Oceania (Ember);;2015;13.87;39.54;5.14;12.139.999;;
Oceania (Ember);;2016;16.08;42.63;6.41;12.16;;
Oceania (Ember);;2017;15.39;42.81;8.33;122.300.005;;
Oceania (Ember);;2018;15.8;43.65;10.26;12.25;;
Oceania (Ember);;2019;22.01;42.89;15.27;12.07;;
Oceania (Ember);;2020;24.53;40.6;24.33;12.049.999;;
Oceania (Ember);;2021;28.77;40.55;28.62;11.97;;
Pakistan;PAK;2010;0.01;31.49;0.01;1.07;;
Pakistan;PAK;2011;0.02;28.23;0.03;1.07;;
Pakistan;PAK;2012;0.01;29.56;0.07;1.04;;
Pakistan;PAK;2013;0.4;31.55;0.14;1.15;;
Pakistan;PAK;2014;0.8;32.15;0.24;1.28;;
Pakistan;PAK;2015;0.79;34.29;0.38;1.36;;
Pakistan;PAK;2016;1.33;31.86;0.68;1.77;;
Pakistan;PAK;2017;2.1;27.65;0.92;1.72;;
Pakistan;PAK;2018;3.16;37.01;0.92;1.58;;
Pakistan;PAK;2019;2.88;35.28;0.93;1.43;;
Pakistan;PAK;2020;2.88;37.38;1.03;1.43;;
Pakistan;PAK;2021;2.88;39;1.26;1.52;;
Panama;PAN;2014;0.12;4.98;0.01;0.08;;
Panama;PAN;2015;0.42;6.19;0.02;0.06;;
Panama;PAN;2016;0.63;6.46;0.08;0.07;;
Panama;PAN;2017;0.49;7.18;0.16;0.07;;
Panama;PAN;2018;0.59;7.86;0.26;0.03;;
Panama;PAN;2019;0.73;5.1;0.34;0.07;;
Panama;PAN;2020;0.58;7.35;0.37;0.05;;
Panama;PAN;2021;0.66;7.2;0.42;0.05;;
Peru;PER;2014;0.26;21.98;0.25;0.52;;
Peru;PER;2015;0.6;23.47;0.29;0.46;;
Peru;PER;2016;1.06;23.92;0.31;0.61;;
Peru;PER;2017;1.07;28.77;0.36;0.6;;
Peru;PER;2018;1.5;30.41;0.75;0.6;;
Peru;PER;2019;1.65;31.26;0.78;0.7;;
Peru;PER;2020;1.81;30.5;0.79;0.6;;
Peru;PER;2021;1.81;31.89;0.82;0.72;;
Philippines;PHL;2014;0.15;9.05;0.02;10.96;;
Philippines;PHL;2015;0.75;8.58;0.14;12.13;;
Philippines;PHL;2016;0.98;8.03;1.1;12.26;;
Philippines;PHL;2017;1.09;9.52;1.2;11.540.001;;
Philippines;PHL;2018;1.15;9.29;1.25;12.04;;
Philippines;PHL;2019;1.04;7.94;1.26;12.54;;
Philippines;PHL;2020;1.03;7.79;1.39;13;;
Philippines;PHL;2021;1.17;8;1.5;13.27;;
Poland;POL;2014;7.68;2.18;0.01;9.98;;
Poland;POL;2015;10.86;1.83;0.06;9.94;;
Poland;POL;2016;12.59;2.14;0.12;7.96;;
Poland;POL;2017;14.91;2.56;0.17;6.49;;
Poland;POL;2018;12.8;1.97;0.3;6.55;;
Poland;POL;2019;15.11;1.96;0.71;7.68;;
Poland;POL;2020;15.8;2.12;1.96;8.35;;
Poland;POL;2021;16.23;2.34;3.93;8.06;;
Poland;POL;2022;19.76;2.06;8;7.76;;
Portugal;PRT;2007;4.04;10.09;0.02;2.06;;
Portugal;PRT;2008;5.76;6.8;0.04;2.04;;
Portugal;PRT;2009;7.58;8.28;0.16;2.27;;
Portugal;PRT;2010;9.18;16.15;0.21;2.81;;
Portugal;PRT;2011;9.16;11.54;0.28;3.13;;
Portugal;PRT;2012;10.26;5.62;0.39;31.000.001;;
Portugal;PRT;2013;12.01;13.73;0.48;3.25;;
Portugal;PRT;2014;12.11;15.57;0.63;3.26;;
Portugal;PRT;2015;11.61;8.66;0.8;3.3;;
Portugal;PRT;2016;12.47;15.72;0.87;3.24;;
Portugal;PRT;2017;12.25;5.9;0.99;3.44;;
Portugal;PRT;2018;12.62;12.39;1.01;3.39;;
Portugal;PRT;2019;13.67;8.82;1.34;3.58;;
Portugal;PRT;2020;12.3;12.08;1.72;40.099.998;;
Portugal;PRT;2021;13.22;11.91;2.24;4.18;;
Portugal;PRT;2022;13.27;7.59;3.07;4.16;;
Puerto Rico;PRI;2016;0.19;0.07;0.12;0.01;;
Puerto Rico;PRI;2017;0.15;0.05;0.16;0.01;;
Puerto Rico;PRI;2018;0.11;0.04;0.08;0.02;;
Puerto Rico;PRI;2019;0.16;0.05;0.24;0.02;;
Puerto Rico;PRI;2020;0.14;0.05;0.26;0.03;;
Puerto Rico;PRI;2021;0.16;0.05;0.27;0.03;;
Reunion;REU;2009;0.02;0.53;0.02;0.32;;
Reunion;REU;2010;0.02;0.54;0.08;0.32;;
Reunion;REU;2011;0.01;0.4;0.14;0.34;;
Romania;ROU;2012;2.64;12.07;0.01;0.21;;
Romania;ROU;2013;4.52;14.96;0.42;0.25;;
Romania;ROU;2014;6.2;18.8;1.62;0.5;;
Romania;ROU;2015;7.06;16.63;1.98;0.52;;
Romania;ROU;2016;6.59;18.03;1.82;0.53;;
Romania;ROU;2017;7.41;14.49;1.86;0.53;;
Romania;ROU;2018;6.32;17.66;1.77;0.44;;
Romania;ROU;2019;6.77;15.58;1.78;0.5;;
Romania;ROU;2020;6.95;15.38;1.73;0.55;;
Romania;ROU;2021;6.58;17.41;1.7;0.65;;
Romania;ROU;2022;7.07;14.23;1.79;0.64;;
Russia;RUS;2014;0.1;175.27;0.16;0.98;;
Russia;RUS;2015;0.15;167.99;0.34;0.90999997;;
Russia;RUS;2016;0.15;184.61;0.46;0.87;;
Russia;RUS;2017;0.14;185.01;0.56;0.93;;
Russia;RUS;2018;0.23;191.14;0.72;0.90999997;;
Russia;RUS;2019;0.33;194.72;1.28;0.92;;
Russia;RUS;2020;1.24;212.59;2.02;0.9;;
Russia;RUS;2021;3.89;214.5;2.3;0.93;;
Senegal;SEN;2019;0.02;0.31;0.29;0.1;;
Senegal;SEN;2020;0.22;0.31;0.38;0.1;;
Senegal;SEN;2021;0.25;0.31;0.47;0.1;;
Serbia;SRB;2016;0.03;10.79;0.01;0.03;;
Serbia;SRB;2017;0.05;9.15;0.01;0.08;;
Serbia;SRB;2018;0.15;10.64;0.01;0.1;;
Serbia;SRB;2019;0.9;9.46;0.01;0.14;;
Serbia;SRB;2020;0.98;9.03;0.01;0.19;;
Serbia;SRB;2021;0.98;11.1;0.01;0.31;;
Slovakia;SVK;2010;0.01;5.26;0.02;0.66;;
Slovakia;SVK;2012;0.01;4.1;0.42;0.94;;
Slovakia;SVK;2013;0.01;4.85;0.59;0.91;;
Slovakia;SVK;2014;0.01;4.21;0.6;1.42;;
Slovakia;SVK;2015;0.01;3.87;0.51;1.66;;
Slovakia;SVK;2016;0.01;4.36;0.53;1.73;;
Slovakia;SVK;2017;0.01;4.32;0.51;1.7;;
Slovakia;SVK;2018;0.01;3.59;0.58;1.63;;
Slovakia;SVK;2019;0.01;4.36;0.59;1.69;;
Slovenia;SVN;2015;0.01;3.81;0.27;0.26;;
Slovenia;SVN;2016;0.01;4.5;0.27;0.28;;
Slovenia;SVN;2017;0.01;3.87;0.28;0.28;;
Slovenia;SVN;2018;0.01;4.7;0.25;0.26;;
Slovenia;SVN;2019;0.01;4.48;0.3;0.25;;
Slovenia;SVN;2020;0.01;4.93;0.37;0.27;;
Slovenia;SVN;2021;0.01;4.71;0.45;0.27;;
Slovenia;SVN;2022;0.01;3.19;0.44;0.29;;
South Africa;ZAF;2003;0.01;0.78;0.02;0.38;;
South Africa;ZAF;2004;0.01;0.94;0.02;0.36;;
South Africa;ZAF;2005;0.01;1.32;0.02;0.4;;
South Africa;ZAF;2006;0.01;2.87;0.02;0.38;;
South Africa;ZAF;2007;0.01;0.86;0.02;0.41;;
South Africa;ZAF;2008;0.02;1.19;0.02;0.43;;
South Africa;ZAF;2009;0.03;1.39;0.02;0.42;;
South Africa;ZAF;2010;0.03;2.09;0.02;0.37;;
South Africa;ZAF;2011;0.04;2.04;0.02;0.39;;
South Africa;ZAF;2012;0.04;1.19;0.03;0.4;;
South Africa;ZAF;2013;0.01;1.11;0.05;0.45;;
South Africa;ZAF;2014;1.06;0.9;1.08;0.34;;
South Africa;ZAF;2015;2.5;0.8;2.4;0.39;;
South Africa;ZAF;2016;3.7;0.67;3.01;0.31;;
South Africa;ZAF;2017;4.92;0.81;3.94;0.37;;
South Africa;ZAF;2018;6.47;1.1;4.24;0.41;;
South Africa;ZAF;2019;6.62;0.73;4.81;0.41;;
South Africa;ZAF;2020;5.94;1.44;5.03;0.42;;
South Africa;ZAF;2021;8.36;1.47;6.65;0.4;;
South America;;2000;0.04;528.42;0.01;8.23;;
South America;;2001;0.09;49.597.003;0.01;9.24;;
South America;;2002;0.13;51.974.005;0.01;10.61;;
South America;;2003;0.14;542.06;0.01;12.56;;
South America;;2004;0.18;56.195.996;0.01;13.82;;
South America;;2005;0.22;594.38;0.01;15.219.999;;
South America;;2006;0.36999997;621.03;0.01;16.859.999;;
South America;;2007;0.75;64.214.996;0.01;20.64;;
South America;;2008;0.96;644.97;0.01;23.68;;
South America;;2009;14.499.999;662.86;0.01;27.09;;
South America;;2010;2.64;668.14;0.01;36.45;;
South America;;2011;3.24;711.15;0.049999997;37.41;;
South America;;2012;64.800.005;693.96;0.11;40.6;;
South America;;2013;8.5;67.982.996;0.26999998;46.03;;
South America;;2014;15.51;640.59;0.79;52.510.002;;
South America;;2015;27.109.999;640.4;1.85;55.69;;
South America;;2016;40.350.002;653.53;31.899.998;57.46;;
South America;;2017;51.29;66.364.996;5.46;58.140.003;;
South America;;2018;60.05;681.02;10.38;60.4;;
South America;;2019;71.92;665.79;15.35;59.39;;
South America;;2020;78.88;661.37;21.45;64.1;;
South America;;2021;98.670.006;625.54;31.88;65.43;;
South Korea;KOR;2001;0.01;4.11;0.01;0.08;;
South Korea;KOR;2002;0.01;3.2;0.01;0.17;;
South Korea;KOR;2003;0.03;4.85;0.01;0.18;;
South Korea;KOR;2004;0.05;4.29;0.01;0.28;;
South Korea;KOR;2005;0.13;3.64;0.01;0.24;;
South Korea;KOR;2006;0.24;3.43;0.03;0.24000001;;
South Korea;KOR;2007;0.38;3.6;0.07;0.37;;
South Korea;KOR;2008;0.44;3.04;0.28;0.63;;
South Korea;KOR;2009;0.69;2.79;0.57;0.6;;
South Korea;KOR;2010;0.82;3.63;0.77;3.02;;
South Korea;KOR;2011;0.86;4.54;0.92;5.97;;
South Korea;KOR;2012;0.91;3.87;1.1;68.799.996;;
South Korea;KOR;2013;1.15;4.23;1.59;7.65;;
South Korea;KOR;2014;1.15;2.72;2.55;11.25;;
South Korea;KOR;2015;1.34;2.12;3.88;11.9;;
South Korea;KOR;2016;1.68;2.76;5.07;11.86;;
South Korea;KOR;2017;2.17;2.83;7.05;13.929.999;;
South Korea;KOR;2018;2.46;3.32;9.21;14.42;;
South Korea;KOR;2019;2.68;2.75;13;13.490.001;;
South Korea;KOR;2020;3.15;3.88;17.97;8.81;;
South Korea;KOR;2021;3.18;3.05;23.95;15.57;;
South and Central America (BP);;2000;0.2521153;5.503.128;0.002137752;14.565.456;;
South and Central America (BP);;2001;0.32099152;516.229;0.003686489;1.618.441;;
South and Central America (BP);;2002;0.45886725;54.189.276;0.006018989;1.789.747;;
South and Central America (BP);;2003;0.44309795;5.655.637;0.008332461;19.829.304;;
South and Central America (BP);;2004;0.543415;5.842.788;0.010676187;20.932.888;;
South and Central America (BP);;2005;0.53230166;6.192.262;0.017902069;22.180.126;;
South and Central America (BP);;2006;0.77378976;6.472.634;0.008199329;23.593.657;;
South and Central America (BP);;2007;11.614.605;6.694.346;0.010825127;28.834.093;;
South and Central America (BP);;2008;16.704.338;6.745.294;0.014856545;32.623.924;;
South and Central America (BP);;2009;20.779.278;6.916.426;0.02445529;3.651.271;;
South and Central America (BP);;2010;344.859;6.939.942;0.061446644;46.770.008;;
South and Central America (BP);;2011;43.245.354;7.353.775;0.13130102;4.880.147;;
South and Central America (BP);;2012;76.674.623;7.224.512;0.3363587;54.824.295;;
South and Central America (BP);;2013;10.202.307;6.997.518;0.5303269;6.214.274;;
South and Central America (BP);;2014;18.627.209;6.792.193;11.055.206;6.783.141;;
South and Central America (BP);;2015;3.147.792;6.632.283;28.484.855;7.173.237;;
South and Central America (BP);;2016;45.206.425;6.792.236;4.863.545;7.442.276;;
South and Central America (BP);;2017;56.158.222;70.121.436;7.610.518;7.686.468;;
South and Central America (BP);;2018;6.584.216;7.101.324;12.761.959;8.097.644;;
South and Central America (BP);;2019;7.880.956;6.924.041;19.094.137;8.372.203;;
South and Central America (BP);;2020;854.542;69.124.615;25.988.012;8.761.103;;
South and Central America (BP);;2021;10.820.039;6.600.726;37.186.905;8.395.458;;
Spain;ESP;2000;4.73;28.26;0.01;1.49;;
Spain;ESP;2001;6.76;40.89;0.02;1.63;;
Spain;ESP;2002;9.34;21.22;0.02;2.59;;
Spain;ESP;2003;12.07;40.48;0.02;3.18;;
Spain;ESP;2004;15.7;31.08;0.02;3.33;;
Spain;ESP;2005;21.18;18.39;0.05;2.65;;
Spain;ESP;2006;23.3;25.96;0.12;2.77;;
Spain;ESP;2007;27.57;27.31;0.52;2.9;;
Spain;ESP;2008;32.95;23.36;2.58;3.26;;
Spain;ESP;2009;38.12;26.41;6.06;3.49;;
Spain;ESP;2010;44.27;42.3;7.19;4.01;;
Spain;ESP;2011;42.92;30.6;9.4;4.61;;
Spain;ESP;2012;49.47;20.55;11.97;4.98;;
Spain;ESP;2013;55.65;36.87;13.1;5.8;;
Spain;ESP;2014;52.01;39.17;13.67;5.41;;
Spain;ESP;2015;49.33;28.14;13.86;5.76;;
Spain;ESP;2016;48.9;36.4;13.64;5.69;;
Spain;ESP;2017;49.13;18.32;14.4;6.08;;
Spain;ESP;2018;50.9;34.33;12.74;5.91;;
Spain;ESP;2019;55.65;24.65;15.1;5.59;;
Spain;ESP;2020;56.44;30.51;20.67;6.17;;
Spain;ESP;2021;62.06;29.63;27.1;6.96;;
Spain;ESP;2022;61.85;18.8;32.77;6.82;;
Sri Lanka;LKA;2010;0.05;5.58;0.02;0.04;;
Sri Lanka;LKA;2011;0.09;4.57;0.02;0.04;;
Sri Lanka;LKA;2012;0.15;3.26;0.02;0.05;;
Sri Lanka;LKA;2013;0.23;6.85;0.02;0.04;;
Sri Lanka;LKA;2014;0.27;4.51;0.03;0.08;;
Sri Lanka;LKA;2015;0.34;5.91;0.03;0.08;;
Sri Lanka;LKA;2016;0.34;4.18;0.05;0.13;;
Sri Lanka;LKA;2017;0.37;3.98;0.11;0.19;;
Sri Lanka;LKA;2018;0.33;6.34;0.23;0.2;;
Sri Lanka;LKA;2019;0.35;4.81;0.36;0.25;;
Sri Lanka;LKA;2020;0.34;4.98;0.44;0.24;;
Sri Lanka;LKA;2021;0.37;5;0.54;0.26;;
Sweden;SWE;2009;2.49;65.85;0.01;11.46;;
Sweden;SWE;2010;3.49;66.4;0.01;12.19;;
Sweden;SWE;2011;6.11;66.43;0.01;11.54;;
Sweden;SWE;2012;7.16;78.93;0.02;12.19;;
Sweden;SWE;2013;9.84;61.36;0.04;11.45;;
Sweden;SWE;2014;11.23;63.76;0.05;10.7;;
Sweden;SWE;2015;16.32;75.31;0.1;10.77;;
Sweden;SWE;2016;15.48;62.02;0.14;11.49;;
Sweden;SWE;2017;17.61;65.14;0.23;12.08;;
Sweden;SWE;2018;16.62;62.21;0.41;11.91;;
Sweden;SWE;2019;19.85;65.37;0.68;13.04;;
Sweden;SWE;2020;27.53;72.39;1.05;11.18;;
Sweden;SWE;2021;27.24;73.89;1.53;13.08;;
Sweden;SWE;2022;33.24;69.16;2.34;12.66;;
Switzerland;CHE;2004;0.01;30.94;0.02;0.15;;
Switzerland;CHE;2005;0.01;28.66;0.02;0.16;;
Switzerland;CHE;2006;0.01;28.27;0.02;0.16;;
Switzerland;CHE;2007;0.02;32.36;0.03;0.15;;
Switzerland;CHE;2008;0.02;33.21;0.03;0.15;;
Switzerland;CHE;2009;0.02;32.83;0.05;0.13;;
Switzerland;CHE;2010;0.04;33.26;0.09;0.14;;
Switzerland;CHE;2011;0.07;29.91;0.17;0.15;;
Switzerland;CHE;2012;0.09;35.78;0.3;0.15;;
Switzerland;CHE;2013;0.09;35.63;0.5;0.15;;
Switzerland;CHE;2014;0.1;35.12;0.84;0.14;;
Switzerland;CHE;2015;0.11;35.38;1.12;0.12;;
Switzerland;CHE;2016;0.11;31.98;1.33;0.15;;
Switzerland;CHE;2017;0.13;31.48;1.68;0.16;;
Switzerland;CHE;2018;0.12;32.1;1.95;0.15;;
Switzerland;CHE;2019;0.15;35.16;2.18;0.15;;
Switzerland;CHE;2020;0.15;37.87;2.6;0.17;;
Switzerland;CHE;2021;0.15;36.96;2.89;0.11;;
Taiwan;TWN;2009;0.79;3.75;0.01;1.76;;
Taiwan;TWN;2010;1.03;4.19;0.02;1.85;;
Taiwan;TWN;2011;1.49;4;0.06;1.85;;
Taiwan;TWN;2012;1.41;5.67;0.16;1.85;;
Taiwan;TWN;2013;1.64;5.42;0.32;1.86;;
Taiwan;TWN;2014;1.5;4.32;0.53;1.93;;
Taiwan;TWN;2015;1.53;4.47;0.85;1.95;;
Taiwan;TWN;2016;1.46;6.56;1.11;1.92;;
Taiwan;TWN;2017;1.72;5.45;1.67;1.87;;
Taiwan;TWN;2018;1.71;4.48;2.71;1.98;;
Taiwan;TWN;2019;1.89;5.54;4.02;2;;
Taiwan;TWN;2020;2.31;3.02;6.07;1.99;;
Taiwan;TWN;2021;2.21;3.47;7.97;2;;
Thailand;THA;2012;0.14;8.43;0.5;4.35;;
Thailand;THA;2013;0.31;5.41;1.26;5.35;;
Thailand;THA;2014;0.31;5.16;1.93;6.28;;
Thailand;THA;2015;0.33;3.76;2.38;6.86;;
Thailand;THA;2016;0.34;3.54;3.38;8.71;;
Thailand;THA;2017;1.11;4.69;4.54;9.58;;
Thailand;THA;2018;1.64;7.6;4.54;12.06;;
Thailand;THA;2019;3.67;6.31;5.15;12.89;;
Thailand;THA;2020;3.22;4.54;5.03;11.94;;
Thailand;THA;2021;4.3;4.68;4.29;13.84;;
Turkey;TUR;2014;8.52;40.64;0.02;3.44;;
Turkey;TUR;2015;11.65;67.15;0.19;4.66;;
Turkey;TUR;2016;15.52;67.23;1.04;64.500.003;;
Turkey;TUR;2017;17.9;58.22;2.89;8.23;;
Turkey;TUR;2018;19.95;59.94;7.8;10.08;;
Turkey;TUR;2019;21.73;88.82;9.25;12.46;;
Turkey;TUR;2020;24.83;78.09;10.95;14.469.999;;
Turkey;TUR;2021;31.21;55.74;12.97;17.12;;
Ukraine;UKR;2011;0.09;10.95;0.03;0.13;;
Ukraine;UKR;2012;0.29;10.48;0.33;0.13;;
Ukraine;UKR;2013;0.64;13.8;0.57;0.1;;
Ukraine;UKR;2014;1.13;8.48;0.43;0.13;;
Ukraine;UKR;2015;1.08;5.4;0.48;0.14;;
Ukraine;UKR;2016;0.95;7.67;0.49;0.14;;
Ukraine;UKR;2017;0.98;8.95;0.74;0.21;;
Ukraine;UKR;2018;1.19;10.43;1.1;0.3;;
Ukraine;UKR;2019;2.02;6.51;2.93;0.41;;
Ukraine;UKR;2020;3.27;7.56;5.97;0.76;;
Ukraine;UKR;2021;4.46;10.67;5.97;0.76;;
United Kingdom;GBR;2005;2.9;4.92;0.01;9.1;;
United Kingdom;GBR;2006;4.23;4.59;0.01;9.28;;
United Kingdom;GBR;2007;5.27;5.08;0.01;9.33;;
United Kingdom;GBR;2008;7.12;5.14;0.02;9.57;;
United Kingdom;GBR;2009;9.28;5.23;0.02;10.72;;
United Kingdom;GBR;2010;10.29;3.59;0.04;12.26;;
United Kingdom;GBR;2011;15.96;5.69;0.24;13.31;;
United Kingdom;GBR;2012;19.85;5.31;1.35;14.73;;
United Kingdom;GBR;2013;28.4;4.7;2.01;18.1;;
United Kingdom;GBR;2014;31.96;5.89;4.05;22.62;;
United Kingdom;GBR;2015;40.27;6.3;7.53;28.47;;
United Kingdom;GBR;2016;37.16;5.37;10.4;30.06;;
United Kingdom;GBR;2017;49.64;5.88;11.46;31.87;;
United Kingdom;GBR;2018;56.91;5.44;12.74;34.94;;
United Kingdom;GBR;2019;64.33;5.93;12.92;37.3;;
United Kingdom;GBR;2020;73.64;6.68;13.32;38.1;;
United Kingdom;GBR;2021;65.02;5.59;12.47;39.12;;
United States;USA;2000;5.59;270.03;0.49;74.82;;
United States;USA;2001;6.74;208.14;0.54;64.64;;
United States;USA;2002;10.35;255.59;0.55;69.85;;
United States;USA;2003;11.19;267.27;0.53;70.19;;
United States;USA;2004;14.14;259.93;0.58;70.490.005;;
United States;USA;2005;17.81;263.76;0.55;70.92;;
United States;USA;2006;26.59;282.69;0.51;71.37;;
United States;USA;2007;34.45;240.61;0.61;72.240.005;;
United States;USA;2008;55.36;248.54;0.86;72.35;;
United States;USA;2009;73.89;268.82;0.89;71.96;;
United States;USA;2010;94.65;254.7;1.21;73.92;;
United States;USA;2011;120.18;312.93;1.82;74.81;;
United States;USA;2012;140.82;271.29;4.33;75.88;;
United States;USA;2013;167.84;263.88;9.04;79.62;;
United States;USA;2014;181.65;253.19;28.92;83.07;;
United States;USA;2015;190.72;243.99;39.03;82.75;;
United States;USA;2016;226.99;261.13;54.87;81.92;;
United States;USA;2017;254.3;293.84;77.28;81.770.004;;
United States;USA;2018;272.67;286.62;93.36;80.520.004;;
United States;USA;2019;295.88;282.61;106.89;75.38;;
United States;USA;2020;337.94;279.95;130.72;72.79;;
United States;USA;2021;378.2;246.47;164.42;72.49;;
Upper-middle-income countries;;2000;0.86;97.407.996;0.04;26.380.001;;
Upper-middle-income countries;;2001;1.08;988.13;0.049999997;27.410.002;;
Upper-middle-income countries;;2002;1.31;1023.51;0.09;28.64;;
Upper-middle-income countries;;2003;1.55;1029.94;0.099999994;32.61;;
Upper-middle-income countries;;2004;18.499.999;1158.66;0.12;35.33;;
Upper-middle-income countries;;2005;2.52;12.280.499;0.12;43.99;;
Upper-middle-income countries;;2006;4.62;1297.01;0.13;45.84;;
Upper-middle-income countries;;2007;72.200.003;1348.11;0.15;54.469.997;;
Upper-middle-income countries;;2008;15.570.001;1500.64;0.19;60.61;;
Upper-middle-income countries;;2009;31.740.002;1498.33;0.33;70.86;;
Upper-middle-income countries;;2010;57.270.004;16.461.799;0.81;85.240.005;;
Upper-middle-income countries;;2011;86.07;1641.12;28.899.999;89.35;;
Upper-middle-income countries;;2012;123.32;18.047.799;5.14;95.43;;
Upper-middle-income countries;;2013;164.79;1858.42;12.23;110.72;;
Upper-middle-income countries;;2014;19.820.999;19.678.799;30.69;128.36;;
Upper-middle-income countries;;2015;24.248.001;2025.15;49.780.003;142.11;;
Upper-middle-income countries;;2016;316.97;2124.17;80.25;155.33;;
Upper-middle-income countries;;2017;395.25;2136.25;137.81;176.38;;
Upper-middle-income countries;;2018;470.87;22.141.099;207.33;198.64;;
Upper-middle-income countries;;2019;532.32;2290.03;269.14;222.92;;
Upper-middle-income countries;;2020;606.19;2338.27;321.24;250.75;;
Upper-middle-income countries;;2021;828.35;22.809.102;401.84;291.59;;
Uruguay;URY;2015;2.07;8.18;0.05;1.38;;
Uruguay;URY;2016;2.99;7.76;0.15;1.5;;
Uruguay;URY;2017;3.77;7.44;0.27;1.45;;
Uruguay;URY;2018;4.73;6.49;0.41;1.52;;
Uruguay;URY;2019;4.75;8.11;0.42;0.88;;
Uruguay;URY;2020;5.48;4.09;0.46;1.12;;
Uruguay;URY;2021;4.99;5.27;0.48;1.61;;
Vietnam;VNM;2010;0.04;28.52;0.01;0.055;;
Vietnam;VNM;2011;0.04;41.08;0.01;0.056;;
Vietnam;VNM;2012;0.04;53.31;0.01;0.057;;
Vietnam;VNM;2013;0.07;57.82;0.01;0.058;;
Vietnam;VNM;2014;0.07;62.16;0.01;0.059;;
Vietnam;VNM;2015;0.18;57.17;0.01;0.07;;
Vietnam;VNM;2016;0.2;64.17;0.01;0.068;;
Vietnam;VNM;2017;0.35;87.6;0.01;0.076454;;
Vietnam;VNM;2018;0.49;84.49;0.1;0.12621;;
Vietnam;VNM;2019;0.72;66.54;5.25;0.12621;;
Vietnam;VNM;2020;1.07;73.38;10.86;0.12621;;
Vietnam;VNM;2021;2.39;75.9;25.77;0.1580361;;
Western Africa (BP);;2000;0.0079;14.956.968;0.002441;0.155;;
Western Africa (BP);;2001;0.00678;15.349.982;0.003038;0.165;;
Western Africa (BP);;2002;0.006884;16.241.856;0.002546703;0.175;;
Western Africa (BP);;2003;0.007399;14.431.892;0.003806286;0.163;;
Western Africa (BP);;2004;0.00843;16.532.358;0.00522387;0.25174955;;
Western Africa (BP);;2005;0.008671;16.165.274;0.006545453;0.2638694;;
Western Africa (BP);;2006;0.009505;14.682.668;0.008364037;0.2711148;;
Western Africa (BP);;2007;0.008887;13.168.417;0.010684071;0.2671983;;
Western Africa (BP);;2008;0.007695;15.297.708;0.012323787;0.26197368;;
Western Africa (BP);;2009;0.007237;15.008.674;0.014161631;0.231;;
Western Africa (BP);;2010;0.005429;1.706.254;0.027461;0.187011;;
Western Africa (BP);;2011;0.019349;1.728.392;0.040538;0.179112;;
Western Africa (BP);;2012;0.064449;17.681.711;0.072339;0.172457;;
Western Africa (BP);;2013;0.092253;17.094.234;0.106775;0.164927;;
Western Africa (BP);;2014;0.092841566;17.836.193;0.117389806;0.175193;;
Western Africa (BP);;2015;0.18101913;153.102.455;0.14071977;0.237309;;
Western Africa (BP);;2016;0.17872499;1.586.473;0.4162731;0.2363057;;
Western Africa (BP);;2017;0.1775427;18.712.255;0.3230343;0.3166818;;
Western Africa (BP);;2018;0.19009838;19.954.134;0.63340914;0.216594;;
Western Africa (BP);;2019;0.23010777;2.251.966;0.79732466;0.251494;;
Western Africa (BP);;2020;0.4148054;22.249.594;0.8285785;0.24774377;;
Western Africa (BP);;2021;0.41319165;2.357.969;11.935.213;0.24760894;;
World;OWID_WRL;2000;31.16;2621.47;1.08;200.78;;
World;OWID_WRL;2001;38.16;2561.15;1.35;195.5;;
World;OWID_WRL;2002;52.04;2601.49;1.69;210.3;;
World;OWID_WRL;2003;63.43;2602.17;2.07;223.66;;
World;OWID_WRL;2004;85.26;2796.82;2.71;24.251.001;;
World;OWID_WRL;2005;103.89;2895.29;3.78;267.18;;
World;OWID_WRL;2006;132.79;3002.08;5.11;281.76;;
World;OWID_WRL;2007;170.91;3046.29;6.92;307.03;;
World;OWID_WRL;2008;220.07;3231.24;11.36;325.66;;
World;OWID_WRL;2009;275.88;3229.67;19.19;34.906.998;;
World;OWID_WRL;2010;345.99;3412.49;31.05;392.86;;
World;OWID_WRL;2011;440.39;3479.42;61.85;414.21;;
World;OWID_WRL;2012;529.11;3645.19;95.18;443.97;;
World;OWID_WRL;2013;641.17;3777.06;131.42;477.9;;
World;OWID_WRL;2014;716.51;3865.99;196.46;520.08;;
World;OWID_WRL;2015;828.37;3870.33;254.87;561.72;;
World;OWID_WRL;2016;959.65;3997;329.15;571.95;;
World;OWID_WRL;2017;1136.41;4054.17;444.54;60.458.997;;
World;OWID_WRL;2018;1265.29;4174.84;570.57;639.05;;
World;OWID_WRL;2019;1419.53;4220.5;701.19;669.36;;
World;OWID_WRL;2020;1586.92;4340.61;852.1;699.36;;
World;OWID_WRL;2021;1848.26;4234.35;1040.5;76.193.005;;
